Organization Group,Department,Job Family,Job,Salary,Overtime,Benefits,Total Compensation
Community Health,Public Health,Human Services,Hospital Eligibility Worker,75854.0,2661.0,35780.0,114296.0
Community Health,Public Health,Nursing,Nurse Practitioner,236867.0,0.0,77694.0,314562.0
Public Protection,Police,Police Services,Police Officer,124906.0,12346.0,41706.0,178957.0
"Public Works, Transportation & Commerce",Department Of Public Works,Skilled Labor,Hodcarrier,88812.0,589.0,40995.0,130396.0
"Public Works, Transportation & Commerce",Department Of Public Works,Journeyman Trade,Truck Driver,105196.0,4802.0,45741.0,155740.0
General Administration & Finance,Mayor,Untitled,Mayoral Staff XVI,148616.0,0.0,65488.0,214105.0
"Public Works, Transportation & Commerce",Public Utilities Commission,Construction Inspection,Construction Inspector,118586.0,30908.0,49810.0,199304.0
Community Health,Public Health,Nursing,Registered Nurse,81282.0,611.0,30021.0,111915.0
"Public Works, Transportation & Commerce",Municipal Transportation Agcy,Journeyman Trade,Electronic Maintenance Tech,126384.0,49821.0,54014.0,230220.0
"Public Works, Transportation & Commerce",Department Of Public Works,Professional Engineering,Structural Engineer,170874.0,0.0,59831.0,230705.0
"Public Works, Transportation & Commerce",Municipal Transportation Agcy,Professional Engineering,Transportation Planner IV,127464.0,0.0,49486.0,176950.0
Public Protection,Fire Department,Fire Services,"Lieutenant, Fire Suppression",162989.0,53887.0,52549.0,269425.0
Human Welfare & Neighborhood Development,Human Services,Management,Manager II,55689.0,0.0,22234.0,77923.0
Human Welfare & Neighborhood Development,Human Services,Human Services,HSA Sr Eligibility Worker,89907.0,2635.0,40533.0,133075.0
"Public Works, Transportation & Commerce",Airport Commission,Information Systems,Technology Expert I,100299.0,0.0,37433.0,137732.0
"Public Works, Transportation & Commerce",Municipal Transportation Agcy,Street Transit,Transit Supervisor,117017.0,55302.0,50515.0,222834.0
"Public Works, Transportation & Commerce",Municipal Transportation Agcy,Street Transit,Transit Operator,72994.0,1565.0,34686.0,109245.0
Community Health,Public Health,Information Systems,IS Business Analyst-Senior,125204.0,0.0,49059.0,174262.0
Public Protection,Fire Department,Fire Services,"Capt,Fire Prev or Fire Invsgtn",197283.0,34348.0,56083.0,287714.0
General Administration & Finance,Treasurer/Tax Collector,Management,Manager I,139890.0,0.0,55799.0,195690.0
"Public Works, Transportation & Commerce",Municipal Transportation Agcy,"Budget, Admn & Stats Analysis",Pr Administrative Analyst,134514.0,0.0,51534.0,186048.0
Public Protection,Police,Police Services,Police Officer 2,109778.0,63192.0,24695.0,197665.0
Community Health,Public Health,Nursing,Special Nurse,32959.0,2326.0,7568.0,42853.0
"Public Works, Transportation & Commerce",Municipal Transportation Agcy,Journeyman Trade,"Electrl Trnst Mech, Asst Sprv",137097.0,55211.0,56522.0,248830.0
Human Welfare & Neighborhood Development,Human Services,Human Services,HSA Sr Eligibility Worker,89014.0,3230.0,40338.0,132582.0
General Administration & Finance,Mayor,Community Development,Sr Community Dev Spec 2,98286.0,0.0,42346.0,140632.0
Public Protection,Police,Police Services,Sergeant 3,176087.0,122901.0,54785.0,353772.0
Public Protection,Public Defender,Legal & Court,Attorney (Civil/Criminal),215684.0,0.0,70943.0,286627.0
Human Welfare & Neighborhood Development,Human Services,Human Services,HSA Sr Eligibility Worker,88378.0,0.0,39156.0,127534.0
Community Health,Public Health,Public Health,Public Health Nurse,146178.0,0.0,58402.0,204580.0
Public Protection,Sheriff,Correction & Detention,Deputy Sheriff (SFERS),120424.0,34390.0,41513.0,196327.0
"Public Works, Transportation & Commerce",Department Of Public Works,Semi-Skilled & General Labor,General Laborer,20395.0,2009.0,9462.0,31866.0
Human Welfare & Neighborhood Development,Human Services,Management,Dep Dir III,196732.0,0.0,58763.0,255495.0
"Public Works, Transportation & Commerce",Municipal Transportation Agcy,Purchasing & Storekeeping,Senior Parts Storekeeper,87120.0,20902.0,41337.0,149360.0
"Public Works, Transportation & Commerce",Public Utilities Commission,Professional Engineering,Assoc Engineer,122950.0,0.0,47488.0,170438.0
"Public Works, Transportation & Commerce",Public Utilities Commission,Journeyman Trade,Truck Driver,102006.0,6152.0,43787.0,151945.0
"Public Works, Transportation & Commerce",Department Of Public Works,Journeyman Trade,Steamfitter,94186.0,9804.0,29930.0,133920.0
General Administration & Finance,Assessor,Information Systems,IS Engineer-Journey,124623.0,0.0,49398.0,174021.0
"Public Works, Transportation & Commerce",Municipal Transportation Agcy,Journeyman Trade,Electrical Transit System Mech,108184.0,90883.0,51167.0,250235.0
"Public Works, Transportation & Commerce",Public Utilities Commission,Information Systems,IS Business Analyst,110808.0,0.0,46121.0,156929.0
Community Health,Public Health,Nursing,Special Nurse,69372.0,1136.0,5473.0,75981.0
Human Welfare & Neighborhood Development,Human Services,Human Services,Human Services Technician,76712.0,0.0,36249.0,112961.0
"Public Works, Transportation & Commerce",Municipal Transportation Agcy,Journeyman Trade,Automotive Mechanic,99512.0,20538.0,45685.0,165736.0
Community Health,Public Health,Public Health,Epidemiologist 1,81440.0,0.0,37576.0,119016.0
Community Health,Public Health,Administrative-DPW/PUC,Safety Officer,149070.0,0.0,55163.0,204233.0
Human Welfare & Neighborhood Development,Human Services,Human Services,Program Specialist,97272.0,90.0,42481.0,139843.0
Community Health,Public Health,Nursing,Special Nurse,168041.0,806.0,10953.0,179799.0
Community Health,Public Health,Nursing,Nursing Supervisor,234679.0,9804.0,75715.0,320198.0
"Public Works, Transportation & Commerce",Municipal Transportation Agcy,Journeyman Trade,Auto Machinist Asst Sprv,126271.0,56591.0,53616.0,236478.0
Human Welfare & Neighborhood Development,Human Services,Human Services,Protective Services Worker,112636.0,4389.0,46941.0,163966.0
Public Protection,Trial Courts,Untitled,Deputy Court Clerk II,71642.0,0.0,38064.0,109706.0
General Administration & Finance,Administrative Services,"Clerical, Secretarial & Steno",Secretary 2,74075.0,0.0,34994.0,109069.0
Community Health,Public Health,Nursing,Special Nurse,124699.0,2598.0,19628.0,146926.0
Community Health,Public Health,Information Systems,IS Project Director,130984.0,0.0,38017.0,169002.0
Community Health,Public Health,"Lab, Pharmacy & Med Techs",Supervising Pharmacist,199652.0,0.0,64261.0,263913.0
Community Health,Public Health,Nursing,Registered Nurse,91906.0,7150.0,36871.0,135927.0
"Public Works, Transportation & Commerce",Municipal Transportation Agcy,Housekeeping & Laundry,Custodian,70745.0,5445.0,35977.0,112166.0
Human Welfare & Neighborhood Development,Human Services,"Budget, Admn & Stats Analysis",Management Assistant,92378.0,0.0,41051.0,133429.0
"Public Works, Transportation & Commerce",Municipal Transportation Agcy,Housekeeping & Laundry,Custodian,65018.0,60.0,33962.0,99041.0
"Public Works, Transportation & Commerce",Airport Commission,Information Systems,IS Project Director,156939.0,0.0,56319.0,213258.0
Community Health,Public Health,Nursing,Patient Care Assistant,30619.0,168.0,13801.0,44588.0
Public Protection,Trial Courts,Untitled,Ct Comp App Analyst,98399.0,0.0,43650.0,142049.0
Public Protection,Police,"Clerical, Secretarial & Steno",Senior Clerk,62691.0,51.0,33800.0,96541.0
Public Protection,Police,Police Services,Police Officer 2,80795.0,12036.0,31019.0,123850.0
"Public Works, Transportation & Commerce",Municipal Transportation Agcy,Street Transit,Transit Operator,57552.0,18045.0,28312.0,103909.0
"Public Works, Transportation & Commerce",Building Inspection,Construction Inspection,Building Inspector,134799.0,310.0,53300.0,188409.0
General Administration & Finance,Controller,"Payroll, Billing & Accounting",Principal Account Clerk,86508.0,0.0,39213.0,125721.0
Human Welfare & Neighborhood Development,Human Services,Human Services,Program Support Analyst,119412.0,0.0,48397.0,167809.0
General Administration & Finance,Department of Technology,"Budget, Admn & Stats Analysis",Junior Administrative Analyst,69768.0,0.0,33480.0,103248.0
"Public Works, Transportation & Commerce",Public Utilities Commission,"Lab, Pharmacy & Med Techs",Water Quality Technician,31294.0,900.0,14306.0,46500.0
"Public Works, Transportation & Commerce",Public Utilities Commission,Journeyman Trade,"Stationary Eng, Sewage Plant",110149.0,22925.0,48279.0,181353.0
Culture & Recreation,Public Library,Library,Library Page,25826.0,0.0,14103.0,39928.0
"Public Works, Transportation & Commerce",Public Utilities Commission,"Payroll, Billing & Accounting",Accountant IV,121232.0,0.0,48635.0,169867.0
Community Health,Public Health,Human Services,Hospital Eligibility Worker,71981.0,1381.0,34947.0,108309.0
Human Welfare & Neighborhood Development,Human Services,Public Service Aide,Public Svc Aide-Public Works,22113.0,0.0,11859.0,33972.0
Public Protection,Police,Police Services,Police Officer 3,133673.0,32529.0,44503.0,210705.0
Public Protection,Sheriff,Correction & Detention,Deputy Sheriff,122968.0,21869.0,60472.0,205309.0
Human Welfare & Neighborhood Development,Human Services,Human Services,Program Specialist,90889.0,0.0,40627.0,131516.0
Culture & Recreation,Recreation And Park Commission,Recreation,Swimming Instr/Pool Lifeguard,26538.0,2.0,15918.0,42458.0
Public Protection,Sheriff,Correction & Detention,Deputy Sheriff (SFERS),86977.0,16893.0,32763.0,136633.0
Community Health,Public Health,"Lab, Pharmacy & Med Techs",Clinical Pharmacist,137628.0,5.0,47852.0,185485.0
Community Health,Public Health,Med Therapy & Auxiliary,Clinical Psychologist,123594.0,0.0,49740.0,173334.0
Public Protection,Trial Courts,Untitled,Deputy Court Clerk II,28655.0,0.0,14342.0,42997.0
"Public Works, Transportation & Commerce",Municipal Transportation Agcy,Street Transit,Transit Operator,50123.0,10059.0,31120.0,91302.0
General Administration & Finance,Treasurer/Tax Collector,Revenue,Investment Analyst,122025.0,0.0,34995.0,157020.0
"Public Works, Transportation & Commerce",Airport Commission,"Payroll, Billing & Accounting",Senior Account Clerk,71632.0,483.0,34511.0,106626.0
"Public Works, Transportation & Commerce",Airport Commission,Information Systems,IS Engineer-Assistant,78907.0,0.0,22413.0,101320.0
Public Protection,Police,Police Services,Police Officer 3,137553.0,0.0,49168.0,186721.0
Public Protection,Sheriff,Correction & Detention,Deputy Sheriff,126358.0,7192.0,60449.0,193999.0
"Public Works, Transportation & Commerce",Economic Workforce Development,"Clerical, Secretarial & Steno",Executive Secretary 1,73949.0,0.0,35855.0,109803.0
Community Health,Public Health,Nursing,Special Nurse,25048.0,0.0,5634.0,30682.0
Community Health,Public Health,Nursing,Registered Nurse,165162.0,0.0,61100.0,226262.0
Community Health,Public Health,Nursing,Patient Care Assistant,85575.0,5935.0,39070.0,130580.0
Public Protection,Police,Police Services,Police Officer 3,139088.0,6806.0,43686.0,189581.0
"Public Works, Transportation & Commerce",Public Utilities Commission,"Budget, Admn & Stats Analysis",Administrative Analyst,99714.0,0.0,42854.0,142568.0
"Public Works, Transportation & Commerce",Department Of Public Works,Journeyman Trade,Stationary Engineer,104281.0,14725.0,44955.0,163961.0
Public Protection,Sheriff,Correction & Detention,Deputy Sheriff,120436.0,1190.0,59369.0,180995.0
Culture & Recreation,Recreation And Park Commission,Agriculture & Horticulture,Gardener,71767.0,3180.0,33414.0,108361.0
Public Protection,Trial Courts,Untitled,Deputy Court Clerk II,75639.0,0.0,39235.0,114874.0
Human Welfare & Neighborhood Development,Human Services,Human Services,HSA Sr Eligibility Worker,89898.0,48.0,40160.0,130106.0
"Public Works, Transportation & Commerce",Department Of Public Works,Journeyman Trade,Truck Driver,91954.0,1992.0,39003.0,132949.0
Community Health,Public Health,Med Therapy & Auxiliary,Health Worker 3,77968.0,0.0,36634.0,114602.0
Culture & Recreation,Recreation And Park Commission,Semi-Skilled & General Labor,General Laborer,77098.0,22648.0,37256.0,137002.0
General Administration & Finance,Administrative Services,Housekeeping & Laundry,Custodian,59400.0,7321.0,34040.0,100761.0
Community Health,Public Health,Dietary & Food,Dietitian,87972.0,0.0,39503.0,127475.0
Culture & Recreation,Recreation And Park Commission,Housekeeping & Laundry,Custodian,65617.0,50.0,33498.0,99165.0
Community Health,Public Health,"Clerical, Secretarial & Steno",Unit Clerk,75635.0,17673.0,37724.0,131031.0
Culture & Recreation,Public Library,Library,Library Page,26454.0,0.0,15755.0,42209.0
"Public Works, Transportation & Commerce",Public Utilities Commission,Professional Engineering,Eng/Arch/Landscape Arch Sr,201754.0,0.0,66413.0,268167.0
Community Health,Public Health,Nursing,Registered Nurse,37203.0,0.0,13125.0,50328.0
Human Welfare & Neighborhood Development,Human Services,Management,Manager II,147746.0,0.0,57448.0,205194.0
General Administration & Finance,Controller,Information Systems,IT Operations Support Admin II,77490.0,0.0,36460.0,113950.0
Community Health,Public Health,Nursing,Registered Nurse,121790.0,4287.0,46536.0,172613.0
Community Health,Public Health,Nursing,Special Nurse,152158.0,6539.0,2492.0,161189.0
General Administration & Finance,Assessor,Appraisal & Taxation,Assessor-Recorder Office Spec,73470.0,0.0,35706.0,109176.0
Community Health,Public Health,Nursing,Registered Nurse,141866.0,12822.0,52530.0,207218.0
Public Protection,Fire Department,Fire Services,EMT/Paramedic/Firefighter,137108.0,126.0,42868.0,180102.0
Community Health,Public Health,Nursing,Patient Care Assistant,49190.0,1512.0,29503.0,80206.0
"Public Works, Transportation & Commerce",Municipal Transportation Agcy,Protection & Apprehension,Parking Control Officer,29767.0,5338.0,10656.0,45761.0
Public Protection,Police,Police Services,Police Officer 2,102786.0,66267.0,38740.0,207793.0
"Public Works, Transportation & Commerce",Municipal Transportation Agcy,Public Service Aide,Public Service Trainee,38760.0,13032.0,28821.0,80613.0
"Public Works, Transportation & Commerce",Public Utilities Commission,Construction Inspection,Construction Inspector,94879.0,8008.0,40755.0,143642.0
"Public Works, Transportation & Commerce",Public Utilities Commission,Professional Engineering,Landscape Architect Assoc 1,163367.0,78.0,58444.0,221890.0
Community Health,Public Health,Nursing,Registered Nurse,129112.0,9203.0,50024.0,188339.0
Culture & Recreation,Recreation And Park Commission,Recreation,Recreation Leader,16533.0,0.0,1283.0,17816.0
Community Health,Public Health,Nursing,Registered Nurse,141080.0,7533.0,52451.0,201064.0
"Public Works, Transportation & Commerce",Municipal Transportation Agcy,Street Transit,Transit Operator,54600.0,7467.0,26422.0,88489.0
"Public Works, Transportation & Commerce",Department Of Public Works,Professional Engineering,Junior Engineer,88237.0,535.0,38070.0,126842.0
Culture & Recreation,Recreation And Park Commission,Agriculture & Horticulture,Park Section Supervisor,91546.0,0.0,38900.0,130446.0
"Public Works, Transportation & Commerce",Airport Commission,Legal & Court,"SrClaimsInvstgtor,Cty Atty Ofc",129240.0,0.0,49815.0,179055.0
Community Health,Public Health,Human Services,Hospital Eligibility Worker,69789.0,9156.0,36334.0,115278.0
Community Health,Public Health,Dietary & Food,Food Service Worker,59413.0,3177.0,34061.0,96651.0
Public Protection,Fire Department,Fire Services,Firefighter,95826.0,30538.0,38571.0,164936.0
Public Protection,Fire Department,Fire Services,Firefighter,15585.0,3.0,7225.0,22814.0
Public Protection,Trial Courts,Untitled,Deputy Court Clerk II,77132.0,555.0,40044.0,117732.0
Public Protection,Police,Police Services,Police Officer 2,111390.0,24893.0,39078.0,175362.0
Public Protection,Police,Police Services,Assistant Inspector 3,190601.0,34567.0,48364.0,273533.0
Public Protection,Sheriff,Correction & Detention,Deputy Sheriff (SFERS),101136.0,48982.0,38115.0,188233.0
Community Health,Public Health,Med Therapy & Auxiliary,Health Worker 3,66096.0,0.0,31109.0,97205.0
"Public Works, Transportation & Commerce",Municipal Transportation Agcy,Street Transit,Transit Operator,54102.0,3757.0,25941.0,83800.0
"Public Works, Transportation & Commerce",Municipal Transportation Agcy,Supervisory-Labor & Trade,Painter Supervisor 1,108739.0,46388.0,48725.0,203852.0
"Public Works, Transportation & Commerce",Public Utilities Commission,Journeyman Trade,"Sr. Stationary Eng, Sew Plant",113869.0,25520.0,48908.0,188296.0
Community Health,Public Health,Nursing,Registered Nurse,193997.0,12718.0,65484.0,272199.0
Public Protection,Fire Department,Fire Services,EMT/Paramedic/Firefighter,162162.0,20808.0,51876.0,234845.0
"Public Works, Transportation & Commerce",Public Utilities Commission,Journeyman Trade,Carpenter,100538.0,185.0,44130.0,144854.0
Public Protection,Sheriff,Journeyman Trade,Aprnt Stationary Engineer II,90300.0,1764.0,41237.0,133301.0
Culture & Recreation,Recreation And Park Commission,Agriculture & Horticulture,Gardener,64489.0,1340.0,32096.0,97924.0
"Public Works, Transportation & Commerce",Municipal Transportation Agcy,Street Transit,Transit Car Cleaner,82272.0,802.0,38488.0,121562.0
"Public Works, Transportation & Commerce",Municipal Transportation Agcy,Street Transit,Transit Operator,81571.0,46950.0,41258.0,169780.0
Human Welfare & Neighborhood Development,Human Services,Human Services,HSA Sr Eligibility Worker,65483.0,45.0,34629.0,100158.0
"Public Works, Transportation & Commerce",Public Utilities Commission,Management,Manager VII,218091.0,0.0,72754.0,290846.0
Community Health,Public Health,Nursing,Registered Nurse,152103.0,1926.0,56161.0,210190.0
General Administration & Finance,Controller,"Budget, Admn & Stats Analysis",Prnpl Admin Analyst II,115352.0,0.0,47227.0,162578.0
General Administration & Finance,Human Resources,Personnel,Senior Human Resources Analyst,66742.0,0.0,24293.0,91035.0
General Administration & Finance,Administrative Services,"Clerical, Secretarial & Steno",Clerk,52666.0,0.0,31612.0,84278.0
Public Protection,Fire Department,Fire Services,"Invstgtor,Fire Dept",176645.0,36085.0,51786.0,264517.0
Community Health,Public Health,"Lab, Pharmacy & Med Techs",Microbiologist I/II,83176.0,0.0,36484.0,119660.0
"Public Works, Transportation & Commerce",Municipal Transportation Agcy,"Clerical, Secretarial & Steno",Executive Secretary 2,79833.0,5417.0,35459.0,120708.0
Human Welfare & Neighborhood Development,Human Rights Commission,"Clerical, Secretarial & Steno",Executive Secretary 2,89176.0,0.0,43142.0,132318.0
"Public Works, Transportation & Commerce",Airport Commission,Construction Inspection,Construction Inspector,115835.0,9277.0,47976.0,173087.0
Public Protection,Fire Department,Fire Services,Firefighter,88463.0,20885.0,37171.0,146519.0
Public Protection,Police,Police Services,Police Officer 2,121900.0,36320.0,41441.0,199661.0
"Public Works, Transportation & Commerce",Airport Commission,Journeyman Trade,Window Cleaner,88458.0,0.0,39994.0,128452.0
"Public Works, Transportation & Commerce",Municipal Transportation Agcy,Journeyman Trade,Electrical Transit System Mech,97366.0,67693.0,48408.0,213466.0
"Public Works, Transportation & Commerce",Municipal Transportation Agcy,Street Transit,Transit Operator,33894.0,1802.0,18036.0,53733.0
Culture & Recreation,Art Commission,"Budget, Admn & Stats Analysis",Management Assistant,49918.0,0.0,8423.0,58341.0
"Public Works, Transportation & Commerce",Department Of Public Works,Semi-Skilled & General Labor,General Laborer,37607.0,47.0,17723.0,55377.0
"Public Works, Transportation & Commerce",Municipal Transportation Agcy,Street Transit,Transit Operator,75828.0,11227.0,21772.0,108827.0
"Public Works, Transportation & Commerce",Municipal Transportation Agcy,Street Transit,Transit Operator,86187.0,37621.0,42830.0,166638.0
Culture & Recreation,Recreation And Park Commission,Computer Operatns & Repro Svcs,Communications Dispatcher 1,38533.0,3375.0,18685.0,60593.0
Community Health,Public Health,Nursing,Registered Nurse,171916.0,8669.0,56464.0,237049.0
Public Protection,Sheriff,Correction & Detention,Deputy Sheriff,124112.0,18214.0,61533.0,203859.0
"Public Works, Transportation & Commerce",Building Inspection,Public Safety Inspection,Housing Inspector,132138.0,0.0,51373.0,183511.0
"Public Works, Transportation & Commerce",Municipal Transportation Agcy,Street Transit,Transit Operator,43905.0,14551.0,20870.0,79326.0
Public Protection,Trial Courts,Untitled,"Research Asst, Superior Court",21705.0,0.0,6927.0,28632.0
"Public Works, Transportation & Commerce",Public Utilities Commission,Sub-Professional Engineering,"StdntDsgnTrain1, Arch/Eng/Plng",16482.0,0.0,1279.0,17761.0
Community Health,Public Health,Nursing,Anesthetist,274974.0,4087.0,83954.0,363015.0
Human Welfare & Neighborhood Development,Human Services,Human Services,Protective Services Worker,116124.0,16196.0,48893.0,181214.0
Community Health,Public Health,Information Systems,IS Engineer-Assistant,115251.0,0.0,46616.0,161867.0
"Public Works, Transportation & Commerce",Municipal Transportation Agcy,Street Transit,Transit Operator,76557.0,15931.0,36885.0,129373.0
Public Protection,Police,Airport Operation,Community Police Services Aide,82835.0,2367.0,38553.0,123754.0
"Public Works, Transportation & Commerce",Airport Commission,Journeyman Trade,Communications Systems Tech,143918.0,0.0,51111.0,195029.0
Community Health,Public Health,Nursing,Registered Nurse,117656.0,529.0,32309.0,150494.0
"Public Works, Transportation & Commerce",Public Utilities Commission,"Lab, Pharmacy & Med Techs",Supv Chemist,125342.0,0.0,49880.0,175222.0
"Public Works, Transportation & Commerce",Municipal Transportation Agcy,Professional Engineering,Assistant Engineer,115032.0,0.0,46943.0,161975.0
Public Protection,Police,Police Services,Police Officer,98722.0,24108.0,37027.0,159857.0
"Public Works, Transportation & Commerce",Municipal Transportation Agcy,Journeyman Trade,Transit Power Line Worker,72048.0,35051.0,33724.0,140824.0
Public Protection,Police,Police Services,Sergeant 3,167005.0,14010.0,59480.0,240495.0
Community Health,Public Health,Medical & Dental,Senior Physician Specialist,248396.0,0.0,78419.0,326815.0
Public Protection,Police,Personnel,Training Officer,54790.0,0.0,4253.0,59043.0
Public Protection,Trial Courts,Untitled,Court Reporter,116468.0,0.0,51099.0,167567.0
Public Protection,Police,"Payroll, Billing & Accounting",Pr Payroll & Personnel Clerk,95350.0,5780.0,42331.0,143461.0
"Public Works, Transportation & Commerce",Municipal Transportation Agcy,Street Transit,Transit Operator,81495.0,14884.0,39952.0,136330.0
"Public Works, Transportation & Commerce",Municipal Transportation Agcy,Street Transit,Transit Operator,91776.0,39338.0,45163.0,176277.0
Community Health,Public Health,Med Therapy & Auxiliary,Health Worker 3,78112.0,32.0,36828.0,114972.0
Public Protection,Sheriff,Correction & Detention,Deputy Sheriff,125965.0,24494.0,61595.0,212055.0
Community Health,Public Health,Medical & Dental,Physician Specialist,47258.0,0.0,3711.0,50970.0
Culture & Recreation,Recreation And Park Commission,Recreation,Recreation Coordinator,73860.0,0.0,35496.0,109356.0
Community Health,Public Health,Human Services,Sen Hospital Eligibility Wrkr,85971.0,5796.0,39341.0,131108.0
"Public Works, Transportation & Commerce",Municipal Transportation Agcy,Street Transit,Transit Operator,79239.0,23078.0,39737.0,142054.0
Human Welfare & Neighborhood Development,Child Support Services,Legal & Court,Child Support Officer II,91022.0,0.0,40652.0,131674.0
"Public Works, Transportation & Commerce",Airport Commission,Airport Operation,Airport Communications Disp,88135.0,15025.0,40891.0,144051.0
"Public Works, Transportation & Commerce",Municipal Transportation Agcy,Street Transit,Transit Supervisor,106421.0,43017.0,48539.0,197977.0
Community Health,Public Health,Nursing,Special Nurse,17433.0,0.0,1353.0,18786.0
Community Health,Public Health,Med Therapy & Auxiliary,Health Worker 2,72105.0,10.0,34953.0,107068.0
"Public Works, Transportation & Commerce",Department Of Public Works,Journeyman Trade,Cement Mason,85746.0,753.0,40978.0,127477.0
Community Health,Public Health,Nursing,Registered Nurse,153168.0,226.0,57473.0,210866.0
"Public Works, Transportation & Commerce",Municipal Transportation Agcy,Street Transit,Transit Operator,31532.0,2085.0,16647.0,50264.0
"Public Works, Transportation & Commerce",Municipal Transportation Agcy,Housekeeping & Laundry,Custodian,70768.0,6271.0,36092.0,113131.0
"Public Works, Transportation & Commerce",Municipal Transportation Agcy,Street Transit,Transit Operator,81072.0,29161.0,41069.0,151302.0
"Public Works, Transportation & Commerce",Department Of Public Works,Construction Inspection,Senior Const Inspector,123541.0,56256.0,51332.0,231130.0
Public Protection,District Attorney,Legal & Court,Attorney (Civil/Criminal),97134.0,0.0,34999.0,132132.0
General Administration & Finance,Administrative Services,Management,Manager IV,172548.0,0.0,62693.0,235241.0
Human Welfare & Neighborhood Development,Human Services,Human Services,Program Specialist,91877.0,150.0,40778.0,132805.0
"Public Works, Transportation & Commerce",Airport Commission,Management,Manager VI,182464.0,0.0,73024.0,255488.0
General Administration & Finance,Administrative Services,Journeyman Trade,Stationary Engineer,84995.0,19199.0,29176.0,133370.0
Community Health,Public Health,Nursing,Registered Nurse,82324.0,323.0,27697.0,110344.0
Public Protection,Adult Probation,Probation & Parole,Sprv Adult Probation Ofc,126606.0,0.0,60884.0,187490.0
"Public Works, Transportation & Commerce",Airport Commission,Housekeeping & Laundry,Custodian,62913.0,2122.0,34199.0,99234.0
Culture & Recreation,Recreation And Park Commission,Agriculture & Horticulture,Gardener,78816.0,3164.0,35960.0,117940.0
General Administration & Finance,City Attorney,Legal & Court,"SrClaimsInvstgtor,Cty Atty Ofc",131930.0,0.0,50807.0,182737.0
"Public Works, Transportation & Commerce",Municipal Transportation Agcy,Street Transit,Transit Manager 2,139822.0,0.0,54095.0,193916.0
Public Protection,Police,Police Services,Police Officer,90797.0,8771.0,36060.0,135628.0
"Public Works, Transportation & Commerce",Airport Commission,Management,Manager VI,197324.0,0.0,76272.0,273596.0
Culture & Recreation,Public Library,Library,Library Assistant,71294.0,0.0,34810.0,106104.0
"Public Works, Transportation & Commerce",Municipal Transportation Agcy,"Clerical, Secretarial & Steno",Executive Secretary 2,92870.0,30.0,40637.0,133537.0
"Public Works, Transportation & Commerce",Department Of Public Works,Construction Inspection,Assistant Const Inspector,95157.0,174.0,41692.0,137023.0
Community Health,Public Health,Management,Manager VIII,223250.0,0.0,61233.0,284483.0
General Administration & Finance,Controller,"Payroll, Billing & Accounting",Accountant III,110119.0,0.0,45186.0,155306.0
Community Health,Public Health,Nursing,Licensed Vocational Nurse,65800.0,6748.0,26598.0,99146.0
"Public Works, Transportation & Commerce",Public Utilities Commission,Professional Engineering,Engineer,201754.0,0.0,66328.0,268082.0
General Administration & Finance,Board Of Supervisors,Untitled,"Member, Board of Supervisors",132062.0,0.0,44734.0,176796.0
Public Protection,Police,Police Services,Police Officer,89199.0,910.0,37383.0,127492.0
Culture & Recreation,Recreation And Park Commission,"Budget, Admn & Stats Analysis",Junior Administrative Analyst,73408.0,4072.0,27263.0,104743.0
"Public Works, Transportation & Commerce",Airport Commission,Housekeeping & Laundry,Custodial Assistant Supervisor,62583.0,7695.0,35066.0,105344.0
Community Health,Public Health,Nursing,Registered Nurse,143503.0,5857.0,55867.0,205227.0
"Public Works, Transportation & Commerce",Municipal Transportation Agcy,Street Transit,Transit Supervisor,109152.0,111493.0,49953.0,270598.0
General Administration & Finance,Controller,Management,Manager IV,190726.0,0.0,66551.0,257277.0
"Public Works, Transportation & Commerce",Municipal Transportation Agcy,Journeyman Trade,Electrical Transit System Mech,106701.0,26718.0,49378.0,182798.0
"Public Works, Transportation & Commerce",Public Utilities Commission,Construction Inspection,Construction Inspector,115698.0,10924.0,47975.0,174597.0
General Administration & Finance,Administrative Services,Pub Relations & Spec Assts,Customer Service Agent,74657.0,1278.0,33708.0,109642.0
"Public Works, Transportation & Commerce",Municipal Transportation Agcy,Street Transit,Transit Operator,88838.0,59361.0,44829.0,193028.0
"Public Works, Transportation & Commerce",Public Utilities Commission,Journeyman Trade,"Stationary Eng, Sewage Plant",79388.0,9460.0,37617.0,126466.0
"Public Works, Transportation & Commerce",Public Utilities Commission,Supervisory-Labor & Trade,Electrician Supervisor 1,125424.0,2804.0,52261.0,180490.0
Culture & Recreation,Recreation And Park Commission,Recreation,Recreation Facility Assistant,17864.0,0.0,13641.0,31505.0
"Public Works, Transportation & Commerce",Municipal Transportation Agcy,Street Transit,Transit Operator,72385.0,20961.0,21627.0,114973.0
Public Protection,Sheriff,Correction & Detention,Deputy Sheriff (SFERS),101483.0,34865.0,37771.0,174119.0
Community Health,Public Health,Nursing,Patient Care Assistant,64961.0,3440.0,34356.0,102757.0
"Public Works, Transportation & Commerce",Municipal Transportation Agcy,Street Transit,Transit Operator,34820.0,160.0,16549.0,51529.0
General Administration & Finance,Controller,Management,Dep Dir III,168018.0,0.0,63069.0,231087.0
"Public Works, Transportation & Commerce",Municipal Transportation Agcy,Journeyman Trade,Electronic Maintenance Tech,131474.0,1187.0,54162.0,186823.0
"Public Works, Transportation & Commerce",Municipal Transportation Agcy,Street Transit,Transit Operator,60275.0,43053.0,31017.0,134345.0
General Administration & Finance,Controller,"Payroll, Billing & Accounting",Auditor II,119998.0,0.0,48468.0,168466.0
Public Protection,Sheriff,Correction & Detention,Deputy Sheriff,131528.0,38858.0,65499.0,235885.0
Public Protection,Police,Police Services,Police Officer,57348.0,0.0,12727.0,70076.0
Community Health,Public Health,Housekeeping & Laundry,Porter,69174.0,3683.0,35672.0,108528.0
"Public Works, Transportation & Commerce",Department Of Public Works,Professional Engineering,Assoc Engineer,123678.0,0.0,34402.0,158080.0
Human Welfare & Neighborhood Development,Human Services,Human Services,Protective Services Worker,113660.0,0.0,46964.0,160624.0
General Administration & Finance,Mayor,Community Development,Sr. Community Devl Spc 1,39927.0,0.0,3099.0,43026.0
"Public Works, Transportation & Commerce",Municipal Transportation Agcy,Street Transit,Transit Operator,77039.0,6829.0,37737.0,121605.0
Public Protection,Sheriff,Correction & Detention,Deputy Sheriff,124920.0,32505.0,59997.0,217422.0
Culture & Recreation,Public Library,Library,Librarian 1,87592.0,0.0,39648.0,127240.0
"Public Works, Transportation & Commerce",Public Utilities Commission,"Lab, Pharmacy & Med Techs",Water Quality Technician,94208.0,0.0,40980.0,135188.0
"Public Works, Transportation & Commerce",Department Of Public Works,Journeyman Trade,Apprentice Cement Mason I,39960.0,610.0,22612.0,63181.0
Public Protection,Police,Police Services,Sergeant 3,160838.0,15467.0,48496.0,224800.0
"Public Works, Transportation & Commerce",Public Utilities Commission,Journeyman Trade,Electronic Maintenance Tech,140917.0,1172.0,52990.0,195079.0
Community Health,Public Health,Med Therapy & Auxiliary,Health Worker 3,76521.0,0.0,36458.0,112979.0
Public Protection,Police,Police Services,Sergeant 3,166695.0,36862.0,50130.0,253687.0
General Administration & Finance,City Attorney,"Clerical, Secretarial & Steno",Senior Clerk,59711.0,0.0,33803.0,93514.0
"Public Works, Transportation & Commerce",Public Utilities Commission,"Lab, Pharmacy & Med Techs",Biologist III,142694.0,0.0,53852.0,196546.0
"Public Works, Transportation & Commerce",Municipal Transportation Agcy,Street Transit,Transit Supervisor,106752.0,24916.0,47809.0,179477.0
"Public Works, Transportation & Commerce",Public Utilities Commission,"Budget, Admn & Stats Analysis",Administrative Analyst,80465.0,0.0,37435.0,117900.0
Community Health,Public Health,"Lab, Pharmacy & Med Techs",Medical Evaluations Assistant,31525.0,0.0,10347.0,41873.0
Public Protection,Police,Protection & Apprehension,Criminalist II,83069.0,0.0,32594.0,115664.0
Community Health,Public Health,"Lab, Pharmacy & Med Techs",Medical Evaluations Assistant,41189.0,5554.0,19894.0,66637.0
"Public Works, Transportation & Commerce",Municipal Transportation Agcy,Street Transit,Transit Operator,88795.0,94087.0,45535.0,228418.0
"Public Works, Transportation & Commerce",Municipal Transportation Agcy,Protection & Apprehension,Parking Control Officer,48991.0,395.0,24354.0,73740.0
"Public Works, Transportation & Commerce",Municipal Transportation Agcy,Street Transit,Transit Supervisor,77520.0,3863.0,37446.0,118828.0
Community Health,Public Health,Dietary & Food,Dietitian,31937.0,0.0,2395.0,34332.0
Community Health,Public Health,Nursing,Special Nurse,25456.0,0.0,5507.0,30963.0
"Public Works, Transportation & Commerce",Municipal Transportation Agcy,Street Transit,Transit Operator,58611.0,19263.0,28983.0,106857.0
"Public Works, Transportation & Commerce",Municipal Transportation Agcy,Street Transit,Transit Operator,33504.0,134.0,15834.0,49471.0
Community Health,Public Health,"Lab, Pharmacy & Med Techs",Medical Evaluations Assistant,76022.0,20482.0,37702.0,134205.0
"Public Works, Transportation & Commerce",Municipal Transportation Agcy,Street Transit,Transit Operator,80126.0,18944.0,39118.0,138188.0
Community Health,Public Health,"Payroll, Billing & Accounting",Patient Accounts Manager,114140.0,0.0,47860.0,162000.0
Human Welfare & Neighborhood Development,Human Services,Human Services,Protective Services Worker,87834.0,0.0,38215.0,126050.0
Human Welfare & Neighborhood Development,Human Services,Human Services,HSA Sr Eligibility Worker,58686.0,0.0,33109.0,91795.0
"Public Works, Transportation & Commerce",Municipal Transportation Agcy,Street Transit,Transit Operator,66036.0,17856.0,37915.0,121807.0
"Public Works, Transportation & Commerce",Airport Commission,Journeyman Trade,Plumber,43632.0,28.0,3389.0,47049.0
Community Health,Public Health,Human Services,"Marriage, Family & Child Cnslr",85485.0,0.0,35872.0,121357.0
Community Health,Public Health,Med Therapy & Auxiliary,Clinical Psychologist,101160.0,0.0,40495.0,141655.0
Public Protection,Dept of Emergency Management,Protection & Apprehension,Public SafetyComm Supv,121751.0,33768.0,50585.0,206104.0
Community Health,Public Health,"Clerical, Secretarial & Steno",Unit Clerk,26651.0,963.0,7520.0,35135.0
"Public Works, Transportation & Commerce",Public Utilities Commission,Professional Engineering,Assoc Engineer,133880.0,0.0,51154.0,185034.0
Public Protection,Police,Police Services,Police Officer 3,154518.0,34992.0,48010.0,237520.0
Community Health,Public Health,Medical & Dental,Physician Assistant,171960.0,0.0,57178.0,229137.0
Culture & Recreation,Public Library,Library,Librarian 1,48725.0,0.0,22195.0,70920.0
"Public Works, Transportation & Commerce",Municipal Transportation Agcy,Street Transit,Transit Operator,86395.0,2181.0,40130.0,128705.0
General Administration & Finance,Retirement Services,Administrative & Mgmt (Unrep),Senior Portfolio Manager,293229.0,0.0,88714.0,381943.0
Community Health,Public Health,Med Therapy & Auxiliary,Health Program Coordinator 3,124960.0,0.0,50175.0,175134.0
Culture & Recreation,Art Commission,"Budget, Admn & Stats Analysis",Management Assistant,33411.0,0.0,13965.0,47376.0
"Public Works, Transportation & Commerce",Airport Commission,Public Service Aide,Publ Svc Aide-Asst to Prof,17671.0,0.0,1372.0,19043.0
"Public Works, Transportation & Commerce",Municipal Transportation Agcy,Street Transit,Transit Operator,54059.0,28047.0,27630.0,109736.0
"Public Works, Transportation & Commerce",Public Utilities Commission,Professional Engineering,Assistant Engineer,120785.0,0.0,48385.0,169170.0
Human Welfare & Neighborhood Development,Human Services,Human Services,Protective Services Worker,111745.0,0.0,45798.0,157544.0
"Public Works, Transportation & Commerce",Public Utilities Commission,Energy & Environment,Utility Specialist,144720.0,0.0,54253.0,198973.0
"Public Works, Transportation & Commerce",Municipal Transportation Agcy,Street Transit,Transit Operator,87342.0,8936.0,40981.0,137258.0
"Public Works, Transportation & Commerce",Municipal Transportation Agcy,Legal & Court,Transit Fare Insp. Sup/Invst.,40132.0,0.0,3114.0,43246.0
Community Health,Public Health,Dietary & Food,Senior Food Service Worker,62284.0,10857.0,35567.0,108708.0
Public Protection,Dept of Police Accountablility,Legal & Court,"Investigator, Police Accountab",50488.0,0.0,13772.0,64260.0
"Public Works, Transportation & Commerce",Department Of Public Works,Sub-Professional Engineering,"StdntDsgnTrain1, Arch/Eng/Plng",17192.0,0.0,1334.0,18526.0
"Public Works, Transportation & Commerce",Public Utilities Commission,Supervisory-Labor & Trade,"Chf Statnry Eng,WtrTreat Plnt",147794.0,32640.0,54242.0,234676.0
Culture & Recreation,Recreation And Park Commission,Recreation,Recreation Facility Assistant,36945.0,0.0,11606.0,48551.0
"Public Works, Transportation & Commerce",Department Of Public Works,Public Service Aide,Public Svc Aide-Public Works,21622.0,77.0,14243.0,35943.0
"Public Works, Transportation & Commerce",Department Of Public Works,Sub-Professional Engineering,Materials Testing Technician,84664.0,0.0,38686.0,123350.0
Public Protection,Adult Probation,Probation & Parole,Deputy Probation Officer SFERS,71213.0,2221.0,30246.0,103680.0
"Public Works, Transportation & Commerce",Public Utilities Commission,Professional Engineering,Engineer,156210.0,0.0,56753.0,212963.0
General Administration & Finance,Administrative Services,Purchasing & Storekeeping,Purchaser,67872.0,66.0,33947.0,101885.0
Public Protection,Police,Police Services,Sergeant 3,141907.0,55404.0,45465.0,242777.0
Community Health,Public Health,Hospital Administration,Medical Record Technician,80143.0,166.0,37052.0,117361.0
Public Protection,District Attorney,Legal & Court,Victim/Witness Investigator 3,108564.0,0.0,45077.0,153641.0
Community Health,Public Health,Nursing,Patient Care Assistant,54966.0,7592.0,32756.0,95314.0
"Public Works, Transportation & Commerce",Municipal Transportation Agcy,Street Transit,Transit Operator,34755.0,4819.0,13779.0,53353.0
Human Welfare & Neighborhood Development,Human Services,Management,Manager II,146808.0,0.0,65662.0,212470.0
Community Health,Public Health,Human Services,Hospital Eligibility Worker,57605.0,145.0,26082.0,83832.0
Culture & Recreation,Asian Art Museum,Protection & Apprehension,Museum Guard,36415.0,6.0,17306.0,53727.0
Human Welfare & Neighborhood Development,Human Services,"Clerical, Secretarial & Steno",Senior Clerk,57600.0,0.0,29784.0,87384.0
Community Health,Public Health,Nursing,Patient Care Assistant,62052.0,4730.0,30737.0,97520.0
Public Protection,Police,Police Services,Sergeant 3,212888.0,40320.0,50384.0,303592.0
Community Health,Public Health,Public Health,Health Program Planner,91415.0,0.0,40377.0,131792.0
"Public Works, Transportation & Commerce",Public Utilities Commission,Supervisory-Labor & Trade,Utility Plumber Supervisor 1,136322.0,1683.0,56035.0,194040.0
Public Protection,Police,Police Services,Police Officer 2,119432.0,21251.0,40665.0,181348.0
"Public Works, Transportation & Commerce",Department Of Public Works,Sub-Professional Engineering,StdntDsgn Train2/Arch/Eng/Plng,43317.0,329.0,22198.0,65845.0
Human Welfare & Neighborhood Development,Human Services,Legal & Court,Attorney (Civil/Criminal),215684.0,0.0,71268.0,286952.0
Public Protection,Police,Pub Relations & Spec Assts,Public Relations Assistant,33465.0,670.0,19689.0,53824.0
Public Protection,Police,Police Services,Sergeant 3,155881.0,28365.0,48410.0,232656.0
"Public Works, Transportation & Commerce",Public Utilities Commission,"Clerical, Secretarial & Steno",Utility Services Represtve,26827.0,419.0,13601.0,40848.0
"Public Works, Transportation & Commerce",Port,Construction Project Mgmt,Project Manager 3,201754.0,0.0,52662.0,254416.0
Public Protection,Police,Police Services,Police Officer 3,143077.0,8764.0,43720.0,195561.0
Community Health,Public Health,Nursing,Registered Nurse,117808.0,830.0,47472.0,166110.0
"Public Works, Transportation & Commerce",Municipal Transportation Agcy,Street Transit,Transit Car Cleaner,70505.0,6504.0,34940.0,111948.0
"Public Works, Transportation & Commerce",Municipal Transportation Agcy,Journeyman Trade,Automotive Mechanic,95160.0,41575.0,46226.0,182960.0
"Public Works, Transportation & Commerce",Public Utilities Commission,Administrative-DPW/PUC,Sewage Treatment Plant Supt,64004.0,1.0,20937.0,84942.0
Culture & Recreation,Public Library,Sub-Professional Engineering,Graphic Artist,73536.0,4.0,35790.0,109330.0
Community Health,Public Health,Nursing,Special Nurse,18981.0,861.0,4372.0,24214.0
General Administration & Finance,Treasurer/Tax Collector,Management,Manager II,94826.0,0.0,42122.0,136948.0
Public Protection,Police,Police Services,Police Officer 3,135999.0,40528.0,44618.0,221144.0
Public Protection,District Attorney,Legal & Court,Attorney (Civil/Criminal),137876.0,0.0,54357.0,192234.0
"Public Works, Transportation & Commerce",Municipal Transportation Agcy,Street Transit,Transit Operator,88977.0,36957.0,44099.0,170033.0
"Public Works, Transportation & Commerce",Municipal Transportation Agcy,Journeyman Trade,Electrical Transit System Mech,105818.0,93258.0,50741.0,249817.0
Community Health,Public Health,Dietary & Food,Food Service Worker,59161.0,14009.0,34761.0,107931.0
Public Protection,Sheriff,Correction & Detention,Deputy Sheriff (SFERS),109793.0,30768.0,39901.0,180462.0
Community Health,Public Health,Med Therapy & Auxiliary,Health Worker 3,64601.0,3.0,34214.0,98818.0
Community Health,Public Health,"Lab, Pharmacy & Med Techs",Diagnostic Imaging Tech I,33872.0,1456.0,12008.0,47336.0
Culture & Recreation,Recreation And Park Commission,Protection & Apprehension,Park Ranger,18915.0,1342.0,10865.0,31122.0
Community Health,Public Health,Human Services,Sen Hospital Eligibility Wrkr,78922.0,10035.0,37332.0,126288.0
Public Protection,Fire Department,Fire Services,Asst Chf of Dept (Fire Dept),238774.0,51321.0,70437.0,360532.0
"Public Works, Transportation & Commerce",Department Of Public Works,Professional Engineering,Chief Surveyor,154739.0,0.0,56379.0,211118.0
Public Protection,Police,Police Services,Police Officer 3,133744.0,11971.0,43799.0,189515.0
Community Health,Public Health,Housekeeping & Laundry,Porter,62667.0,3039.0,32011.0,97717.0
"Public Works, Transportation & Commerce",Municipal Transportation Agcy,Street Transit,Transit Operator,81939.0,15122.0,39546.0,136607.0
Public Protection,Police,Police Services,Sergeant 3,154952.0,18543.0,48637.0,222132.0
"Public Works, Transportation & Commerce",Municipal Transportation Agcy,Protection & Apprehension,Parking Control Officer,75194.0,663.0,36491.0,112348.0
"Public Works, Transportation & Commerce",Port,Management,"Senior Property Manager, Port",99404.0,0.0,37277.0,136681.0
"Public Works, Transportation & Commerce",Municipal Transportation Agcy,Street Transit,Transit Operator,78058.0,8511.0,38405.0,124974.0
Community Health,Public Health,Nursing,Registered Nurse,143761.0,7696.0,54499.0,205956.0
Community Health,Public Health,Med Therapy & Auxiliary,Health Worker 2,57105.0,0.0,32869.0,89973.0
"Public Works, Transportation & Commerce",Municipal Transportation Agcy,Street Transit,Transit Supervisor,107361.0,14614.0,47086.0,169060.0
"Public Works, Transportation & Commerce",Airport Commission,Semi-Skilled & General Labor,General Laborer,20238.0,0.0,1571.0,21809.0
Community Health,Public Health,Nursing,Registered Nurse,167357.0,17524.0,49969.0,234851.0
Human Welfare & Neighborhood Development,Human Services,Human Services,Protective Services Worker,37969.0,0.0,21203.0,59172.0
"Public Works, Transportation & Commerce",Port,"Budget, Admn & Stats Analysis",Junior Administrative Analyst,72903.0,0.0,34416.0,107319.0
Community Health,Public Health,Human Services,Medical Social Worker,34515.0,0.0,2679.0,37194.0
"Public Works, Transportation & Commerce",Department Of Public Works,Journeyman Trade,Steamfitter,64633.0,3457.0,14969.0,83059.0
Public Protection,Police,Airport Operation,Community Police Services Aide,18247.0,201.0,9014.0,27462.0
General Administration & Finance,Controller,"Payroll, Billing & Accounting",Auditor III,75802.0,0.0,28913.0,104715.0
"Public Works, Transportation & Commerce",Municipal Transportation Agcy,Street Transit,Transit Operator,56073.0,7376.0,17876.0,81324.0
General Administration & Finance,Mayor,Community Development,Sr. Community Devl Spc 1,75069.0,0.0,30977.0,106047.0
Human Welfare & Neighborhood Development,Human Services,Human Services,Eligibility Worker Supervisor,94949.0,6456.0,41831.0,143235.0
"Public Works, Transportation & Commerce",Port,Supervisory-Labor & Trade,General Laborer Supervisor 1,28770.0,2545.0,13362.0,44677.0
General Administration & Finance,City Attorney,Legal & Court,Attorney (Civil/Criminal),215684.0,0.0,71542.0,287226.0
Community Health,Public Health,Human Services,Behavioral Health Clinician,106746.0,0.0,44810.0,151556.0
Community Health,Public Health,Nursing,Special Nurse,43461.0,0.0,1998.0,45459.0
Public Protection,Sheriff,Correction & Detention,Deputy Sheriff,127448.0,67713.0,62181.0,257343.0
Community Health,Public Health,Nursing,Special Nurse,128371.0,7844.0,4735.0,140950.0
Community Health,Public Health,Management,Dep Dir V,281668.0,0.0,84133.0,365800.0
Human Welfare & Neighborhood Development,Human Services,Human Services,Protective Services Worker,37946.0,0.0,16715.0,54661.0
General Administration & Finance,Administrative Services,Park & Zoo,Animal Care Attendant,42290.0,1303.0,23164.0,66756.0
Human Welfare & Neighborhood Development,Human Services,Human Services,Human Services Technician,66150.0,221.0,33684.0,100056.0
Community Health,Public Health,Medical & Dental,Physician Specialist,99251.0,0.0,32383.0,131634.0
Culture & Recreation,Fine Arts Museum,Protection & Apprehension,Security Guard,27110.0,6551.0,14533.0,48194.0
"Public Works, Transportation & Commerce",Department Of Public Works,Sub-Professional Engineering,Survey Associate,109466.0,15086.0,46624.0,171176.0
Community Health,Public Health,"Lab, Pharmacy & Med Techs",Medical Evaluations Assistant,58331.0,15.0,29173.0,87520.0
Community Health,Public Health,Nursing,Licensed Vocational Nurse,16161.0,220.0,5751.0,22132.0
"Public Works, Transportation & Commerce",Department Of Public Works,Skilled Labor,Asphalt Finisher,80520.0,11898.0,37386.0,129803.0
"Public Works, Transportation & Commerce",Municipal Transportation Agcy,Street Transit,Transit Operator,62135.0,5439.0,34417.0,101991.0
"Public Works, Transportation & Commerce",Municipal Transportation Agcy,Protection & Apprehension,Parking Control Officer,72628.0,0.0,36035.0,108663.0
"Public Works, Transportation & Commerce",Municipal Transportation Agcy,Pub Relations & Spec Assts,Public Information Officer,72807.0,0.0,34464.0,107271.0
General Administration & Finance,City Attorney,Legal & Court,Attorney (Civil/Criminal),211484.0,0.0,70340.0,281824.0
"Public Works, Transportation & Commerce",Public Utilities Commission,Skilled Labor,Sewer Service Worker,119711.0,2428.0,52415.0,174554.0
