sofifa_id,player_url,short_name,long_name,player_positions,overall,potential,value_eur,wage_eur,age,dob,height_cm,weight_kg,club_team_id,club_name,league_name,league_level,club_position,club_jersey_number,club_loaned_from,club_joined,club_contract_valid_until,nationality_id,nationality_name,nation_team_id,nation_position,nation_jersey_number,preferred_foot,weak_foot,skill_moves,international_reputation,work_rate,body_type,real_face,release_clause_eur,player_tags,player_traits,pace,shooting,passing,dribbling,defending,physic,attacking_crossing,attacking_finishing,attacking_heading_accuracy,attacking_short_passing,attacking_volleys,skill_dribbling,skill_curve,skill_fk_accuracy,skill_long_passing,skill_ball_control,movement_acceleration,movement_sprint_speed,movement_agility,movement_reactions,movement_balance,power_shot_power,power_jumping,power_stamina,power_strength,power_long_shots,mentality_aggression,mentality_interceptions,mentality_positioning,mentality_vision,mentality_penalties,mentality_composure,defending_marking_awareness,defending_standing_tackle,defending_sliding_tackle,goalkeeping_diving,goalkeeping_handling,goalkeeping_kicking,goalkeeping_positioning,goalkeeping_reflexes,goalkeeping_speed,ls,st,rs,lw,lf,cf,rf,rw,lam,cam,ram,lm,lcm,cm,rcm,rm,lwb,ldm,cdm,rdm,rwb,lb,lcb,cb,rcb,rb,gk,player_face_url,club_logo_url,club_flag_url,nation_logo_url,nation_flag_url
158023,https://sofifa.com/player/158023/lionel-messi/220002,L. Messi,Lionel Andrés Messi Cuccittini,"RW, ST, CF",93,93,78000000,320000,34,6/24/87,170,72,73,Paris Saint-Germain,French Ligue 1,1,RW,30,,8/10/21,2023,52,Argentina,1369,RW,10,Left,4,4,5,Medium/Low,Unique,Yes,144300000,"#Dribbler, #Distance Shooter, #FK Specialist, #Acrobat, #Clinical Finisher, #Complete Forward","Finesse Shot, Long Shot Taker (AI), Playmaker (AI), Outside Foot Shot, One Club Player, Chip Shot (AI), Technical Dribbler (AI)",85,92,91,95,34,65,85,95,70,91,88,96,93,94,91,96,91,80,91,94,95,86,68,72,69,94,44,40,93,95,75,96,20,35,24,6,11,15,14,8,,89+3,89+3,89+3,92,93,93,93,92,93,93,93,91+2,87+3,87+3,87+3,91+2,66+3,64+3,64+3,64+3,66+3,61+3,50+3,50+3,50+3,61+3,19+3,https://cdn.sofifa.net/players/158/023/22_120.png,https://cdn.sofifa.net/teams/73/60.png,https://cdn.sofifa.net/flags/fr.png,https://cdn.sofifa.net/teams/1369/60.png,https://cdn.sofifa.net/flags/ar.png
188545,https://sofifa.com/player/188545/robert-lewandowski/220002,R. Lewandowski,Robert Lewandowski,ST,92,92,119500000,270000,32,8/21/88,185,81,21,FC Bayern München,German 1. Bundesliga,1,ST,9,,7/1/14,2023,37,Poland,1353,RS,9,Right,4,4,5,High/Medium,Unique,Yes,197200000,"#Aerial Threat, #Distance Shooter, #Clinical Finisher, #Complete Forward","Solid Player, Finesse Shot, Outside Foot Shot, Chip Shot (AI)",78,92,79,86,44,82,71,95,90,85,89,85,79,85,70,88,77,79,77,93,82,90,85,76,86,87,81,49,95,81,90,88,35,42,19,15,6,12,8,10,,90+2,90+2,90+2,85,88,88,88,85,86+3,86+3,86+3,84+3,80+3,80+3,80+3,84+3,64+3,66+3,66+3,66+3,64+3,61+3,60+3,60+3,60+3,61+3,19+3,https://cdn.sofifa.net/players/188/545/22_120.png,https://cdn.sofifa.net/teams/21/60.png,https://cdn.sofifa.net/flags/de.png,https://cdn.sofifa.net/teams/1353/60.png,https://cdn.sofifa.net/flags/pl.png
20801,https://sofifa.com/player/20801/c-ronaldo-dos-santos-aveiro/220002,Cristiano Ronaldo,Cristiano Ronaldo dos Santos Aveiro,"ST, LW",91,91,45000000,270000,36,2/5/85,187,83,11,Manchester United,English Premier League,1,ST,7,,8/27/21,2023,38,Portugal,1354,ST,7,Right,4,5,5,High/Low,Unique,Yes,83300000,"#Aerial Threat, #Dribbler, #Distance Shooter, #Crosser, #Acrobat, #Clinical Finisher, #Complete Forward","Power Free-Kick, Flair, Long Shot Taker (AI), Speed Dribbler (AI), Outside Foot Shot",87,94,80,88,34,75,87,95,90,80,86,88,81,84,77,88,85,88,86,94,74,94,95,77,77,93,63,29,95,76,88,95,24,32,24,7,11,15,14,11,,90+1,90+1,90+1,88,89,89,89,88,86+3,86+3,86+3,86+3,78+3,78+3,78+3,86+3,63+3,59+3,59+3,59+3,63+3,60+3,53+3,53+3,53+3,60+3,20+3,https://cdn.sofifa.net/players/020/801/22_120.png,https://cdn.sofifa.net/teams/11/60.png,https://cdn.sofifa.net/flags/gb-eng.png,https://cdn.sofifa.net/teams/1354/60.png,https://cdn.sofifa.net/flags/pt.png
190871,https://sofifa.com/player/190871/neymar-da-silva-santos-jr/220002,Neymar Jr,Neymar da Silva Santos Júnior,"LW, CAM",91,91,129000000,270000,29,2/5/92,175,68,73,Paris Saint-Germain,French Ligue 1,1,LW,10,,8/3/17,2025,54,Brazil,,,,Right,5,5,5,High/Medium,Unique,Yes,238700000,"#Speedster, #Dribbler, #Playmaker, #FK Specialist, #Acrobat, #Complete Midfielder","Injury Prone, Flair, Speed Dribbler (AI), Playmaker (AI), Outside Foot Shot, Technical Dribbler (AI)",91,83,86,94,37,63,85,83,63,86,86,95,88,87,81,95,93,89,96,89,84,80,64,81,53,81,63,37,86,90,93,93,35,32,29,9,9,15,15,11,,83+3,83+3,83+3,90,88,88,88,90,89+2,89+2,89+2,89+2,82+3,82+3,82+3,89+2,67+3,63+3,63+3,63+3,67+3,62+3,50+3,50+3,50+3,62+3,20+3,https://cdn.sofifa.net/players/190/871/22_120.png,https://cdn.sofifa.net/teams/73/60.png,https://cdn.sofifa.net/flags/fr.png,,https://cdn.sofifa.net/flags/br.png
192985,https://sofifa.com/player/192985/kevin-de-bruyne/220002,K. De Bruyne,Kevin De Bruyne,"CM, CAM",91,91,125500000,350000,30,6/28/91,181,70,10,Manchester City,English Premier League,1,RCM,17,,8/30/15,2025,7,Belgium,1325,RCM,7,Right,5,4,4,High/High,Unique,Yes,232200000,"#Dribbler, #Playmaker, #Engine, #Distance Shooter, #Crosser, #Complete Midfielder","Injury Prone, Leadership, Early Crosser, Long Passer (AI), Long Shot Taker (AI), Playmaker (AI), Outside Foot Shot",76,86,93,88,64,78,94,82,55,94,82,88,85,83,93,91,76,76,79,91,78,91,63,89,74,91,76,66,88,94,83,89,68,65,53,15,13,5,10,13,,83+3,83+3,83+3,88,87,87,87,88,89+2,89+2,89+2,89+2,89+2,89+2,89+2,89+2,79+3,80+3,80+3,80+3,79+3,75+3,69+3,69+3,69+3,75+3,21+3,https://cdn.sofifa.net/players/192/985/22_120.png,https://cdn.sofifa.net/teams/10/60.png,https://cdn.sofifa.net/flags/gb-eng.png,https://cdn.sofifa.net/teams/1325/60.png,https://cdn.sofifa.net/flags/be.png
200389,https://sofifa.com/player/200389/jan-oblak/220002,J. Oblak,Jan Oblak,GK,91,93,112000000,130000,28,1/7/93,188,87,240,Atlético de Madrid,Spain Primera Division,1,GK,13,,7/16/14,2023,44,Slovenia,,,,Right,3,1,5,Medium/Medium,Unique,Yes,238000000,,"GK Long Throw, Comes For Crosses",,,,,,,13,11,15,43,13,12,13,14,40,30,43,60,67,88,49,59,78,41,78,12,34,19,11,65,11,68,27,12,18,87,92,78,90,90,50,33+3,33+3,33+3,32,35,35,35,32,38+3,38+3,38+3,35+3,38+3,38+3,38+3,35+3,32+3,36+3,36+3,36+3,32+3,32+3,33+3,33+3,33+3,32+3,89+3,https://cdn.sofifa.net/players/200/389/22_120.png,https://cdn.sofifa.net/teams/240/60.png,https://cdn.sofifa.net/flags/es.png,,https://cdn.sofifa.net/flags/si.png
231747,https://sofifa.com/player/231747/kylian-mbappe/220002,K. Mbappé,Kylian Mbappé Lottin,"ST, LW",91,95,194000000,230000,22,12/20/98,182,73,73,Paris Saint-Germain,French Ligue 1,1,ST,7,,7/1/18,2022,18,France,1335,LW,10,Right,4,5,4,High/Low,Unique,Yes,373500000,"#Speedster, #Dribbler, #Acrobat, #Clinical Finisher, #Complete Forward","Flair, Speed Dribbler (AI), Outside Foot Shot, Technical Dribbler (AI)",97,88,80,92,36,77,78,93,72,85,83,93,80,69,71,91,97,97,92,93,83,86,78,88,77,82,62,38,92,82,79,88,26,34,32,13,5,7,11,6,,89+3,89+3,89+3,90,90,90,90,90,89+3,89+3,89+3,89+3,81+3,81+3,81+3,89+3,67+3,63+3,63+3,63+3,67+3,63+3,54+3,54+3,54+3,63+3,18+3,https://cdn.sofifa.net/players/231/747/22_120.png,https://cdn.sofifa.net/teams/73/60.png,https://cdn.sofifa.net/flags/fr.png,https://cdn.sofifa.net/teams/1335/60.png,https://cdn.sofifa.net/flags/fr.png
167495,https://sofifa.com/player/167495/manuel-neuer/220002,M. Neuer,Manuel Peter Neuer,GK,90,90,13500000,86000,35,3/27/86,193,93,21,FC Bayern München,German 1. Bundesliga,1,GK,1,,7/1/11,2023,21,Germany,1337,GK,1,Right,4,1,5,Medium/Medium,Unique,Yes,22300000,,"Leadership, GK Long Throw, Rushes Out Of Goal, Comes For Crosses",,,,,,,15,13,25,60,11,30,14,11,68,46,54,60,51,87,35,68,77,43,80,16,29,30,12,70,47,70,17,10,11,88,88,91,89,88,56,40+3,40+3,40+3,40,43,43,43,40,47+3,47+3,47+3,44+3,50+3,50+3,50+3,44+3,37+3,43+3,43+3,43+3,37+3,35+3,34+3,34+3,34+3,35+3,88+2,https://cdn.sofifa.net/players/167/495/22_120.png,https://cdn.sofifa.net/teams/21/60.png,https://cdn.sofifa.net/flags/de.png,https://cdn.sofifa.net/teams/1337/60.png,https://cdn.sofifa.net/flags/de.png
192448,https://sofifa.com/player/192448/marc-andre-ter-stegen/220002,M. ter Stegen,Marc-André ter Stegen,GK,90,92,99000000,250000,29,4/30/92,187,85,241,FC Barcelona,Spain Primera Division,1,GK,1,,7/1/14,2025,21,Germany,,,,Right,4,1,4,Medium/Medium,Unique,Yes,210400000,,"Rushes Out Of Goal, Comes For Crosses, Saves with Feet",,,,,,,18,14,11,61,14,21,18,12,63,30,38,50,39,86,43,66,79,35,78,10,43,22,11,70,25,70,25,13,10,88,85,88,88,90,43,35+3,35+3,35+3,35,38,38,38,35,42+3,42+3,42+3,39+3,45+3,45+3,45+3,39+3,33+3,41+3,41+3,41+3,33+3,31+3,33+3,33+3,33+3,31+3,88+3,https://cdn.sofifa.net/players/192/448/22_120.png,https://cdn.sofifa.net/teams/241/60.png,https://cdn.sofifa.net/flags/es.png,,https://cdn.sofifa.net/flags/de.png
202126,https://sofifa.com/player/202126/harry-kane/220002,H. Kane,Harry Kane,ST,90,90,129500000,240000,27,7/28/93,188,89,18,Tottenham Hotspur,English Premier League,1,ST,10,,7/28/10,2024,14,England,1318,ST,9,Right,5,3,4,High/High,Unique,Yes,246100000,"#Distance Shooter, #Clinical Finisher","Leadership, Long Passer (AI), Long Shot Taker (AI), Playmaker (AI), Outside Foot Shot",70,91,83,83,47,83,80,94,86,85,88,83,83,65,86,85,65,74,71,92,70,91,79,83,85,86,80,44,94,87,91,91,50,36,38,8,10,11,14,11,,88+2,88+2,88+2,84,86,86,86,84,85+3,85+3,85+3,84+3,82+3,82+3,82+3,84+3,67+3,68+3,68+3,68+3,67+3,64+3,61+3,61+3,61+3,64+3,20+3,https://cdn.sofifa.net/players/202/126/22_120.png,https://cdn.sofifa.net/teams/18/60.png,https://cdn.sofifa.net/flags/gb-eng.png,https://cdn.sofifa.net/teams/1318/60.png,https://cdn.sofifa.net/flags/gb-eng.png
215914,https://sofifa.com/player/215914/ngolo-kante/220002,N. Kanté,N'Golo Kanté,"CDM, CM",90,90,100000000,230000,30,3/29/91,168,70,5,Chelsea,English Premier League,1,RCM,7,,7/16/16,2023,18,France,1335,CDM,13,Right,3,2,4,Medium/High,Unique,Yes,185000000,"#Tackling, #Tactician ",Leadership,78,66,75,82,87,83,68,65,54,82,56,79,49,49,79,81,82,75,82,93,92,71,77,97,72,65,93,91,72,78,54,84,90,93,86,15,12,10,7,10,,72+3,72+3,72+3,77,77,77,77,77,78+3,78+3,78+3,79+3,82+3,82+3,82+3,79+3,85+3,87+3,87+3,87+3,85+3,85+3,84+3,84+3,84+3,85+3,20+3,https://cdn.sofifa.net/players/215/914/22_120.png,https://cdn.sofifa.net/teams/5/60.png,https://cdn.sofifa.net/flags/gb-eng.png,https://cdn.sofifa.net/teams/1335/60.png,https://cdn.sofifa.net/flags/fr.png
165153,https://sofifa.com/player/165153/karim-benzema/220002,K. Benzema,Karim Benzema,"CF, ST",89,89,66000000,350000,33,12/19/87,185,81,243,Real Madrid CF,Spain Primera Division,1,CF,9,,7/9/09,2023,18,France,1335,CF,19,Right,4,4,4,Medium/Medium,Normal (170-185),Yes,135300000,#Poacher,"Leadership, Finesse Shot, Playmaker (AI), Outside Foot Shot, Team Player",76,86,81,87,39,77,75,90,89,86,86,87,81,73,73,90,77,75,79,91,72,85,79,78,82,79,63,39,90,87,84,90,43,24,18,13,11,5,5,7,,87+2,87+2,87+2,85,87,87,87,85,86+3,86+3,86+3,84+3,80+3,80+3,80+3,84+3,63+3,62+3,62+3,62+3,63+3,59+3,55+3,55+3,55+3,59+3,18+3,https://cdn.sofifa.net/players/165/153/22_120.png,https://cdn.sofifa.net/teams/243/60.png,https://cdn.sofifa.net/flags/es.png,https://cdn.sofifa.net/teams/1335/60.png,https://cdn.sofifa.net/flags/fr.png
192119,https://sofifa.com/player/192119/thibaut-courtois/220002,T. Courtois,Thibaut Courtois,GK,89,91,85500000,250000,29,5/11/92,199,96,243,Real Madrid CF,Spain Primera Division,1,GK,1,,8/9/18,2026,7,Belgium,1325,GK,1,Left,3,1,4,Medium/Medium,Unique,Yes,181700000,,"GK Long Throw, Comes For Crosses",,,,,,,14,14,13,33,12,13,19,20,35,23,42,52,62,84,45,56,68,38,70,17,23,15,13,44,27,66,20,18,16,84,89,74,86,88,46,31+3,31+3,31+3,29,31,31,31,29,32+3,32+3,32+3,31+3,32+3,32+3,32+3,31+3,29+3,31+3,31+3,31+3,29+3,29+3,29+3,29+3,29+3,29+3,86+3,https://cdn.sofifa.net/players/192/119/22_120.png,https://cdn.sofifa.net/teams/243/60.png,https://cdn.sofifa.net/flags/es.png,https://cdn.sofifa.net/teams/1325/60.png,https://cdn.sofifa.net/flags/be.png
200104,https://sofifa.com/player/200104/heung-min-son/220002,H. Son,손흥민 孙兴慜,"LM, CF, LW",89,89,104000000,220000,28,7/8/92,183,78,18,Tottenham Hotspur,English Premier League,1,LW,7,,8/28/15,2025,167,Korea Republic,,,,Right,5,4,4,High/High,Unique,Yes,197600000,"#Dribbler, #Engine, #Distance Shooter, #Acrobat, #Clinical Finisher, #Complete Forward","Solid Player, Finesse Shot, Long Shot Taker (AI), Speed Dribbler (AI), Technical Dribbler (AI)",88,87,82,86,43,69,83,88,68,84,78,87,85,74,74,84,85,90,86,91,78,88,60,88,64,89,62,39,91,83,73,89,50,34,33,11,13,13,6,10,,85+3,85+3,85+3,87,87,87,87,87,86+3,86+3,86+3,86+3,80+3,80+3,80+3,86+3,68+3,64+3,64+3,64+3,68+3,64+3,54+3,54+3,54+3,64+3,19+3,https://cdn.sofifa.net/players/200/104/22_120.png,https://cdn.sofifa.net/teams/18/60.png,https://cdn.sofifa.net/flags/gb-eng.png,,https://cdn.sofifa.net/flags/kr.png
200145,https://sofifa.com/player/200145/carlos-henrique-venancio-casimiro/220002,Casemiro,Carlos Henrique Venancio Casimiro,CDM,89,89,88000000,310000,29,2/23/92,185,84,243,Real Madrid CF,Spain Primera Division,1,CDM,14,,7/11/13,2025,54,Brazil,,,,Right,3,2,3,High/High,Unique,Yes,180400000,"#Engine, #Tackling, #Tactician, #Strength, #Complete Defender","Power Free-Kick, Dives Into Tackles (AI), Long Shot Taker (AI), Team Player",65,73,76,73,86,90,58,64,79,84,62,69,62,74,84,79,60,69,61,87,66,88,87,89,90,81,91,87,75,80,66,84,85,88,87,13,14,16,12,12,,76+3,76+3,76+3,72,76,76,76,72,76+3,76+3,76+3,74+3,82+3,82+3,82+3,74+3,80+3,86+3,86+3,86+3,80+3,81+3,86+3,86+3,86+3,81+3,21+3,https://cdn.sofifa.net/players/200/145/22_120.png,https://cdn.sofifa.net/teams/243/60.png,https://cdn.sofifa.net/flags/es.png,,https://cdn.sofifa.net/flags/br.png
203376,https://sofifa.com/player/203376/virgil-van-dijk/220002,V. van Dijk,Virgil van Dijk,CB,89,89,86000000,230000,29,7/8/91,193,92,9,Liverpool,English Premier League,1,LCB,4,,1/1/18,2025,34,Netherlands,105035,LCB,4,Right,3,2,4,Medium/Medium,Unique,Yes,159100000,"#Tackling, #Tactician, #Strength, #Complete Defender","Leadership, Long Passer (AI), Power Header",78,60,71,72,91,84,53,52,87,79,45,70,60,70,86,76,66,88,61,87,53,81,90,69,92,64,83,90,47,65,62,90,92,92,86,13,10,13,11,11,,70+3,70+3,70+3,67,69,69,69,67,70+3,70+3,70+3,70+3,75+3,75+3,75+3,70+3,79+3,84+3,84+3,84+3,79+3,81+3,88+1,88+1,88+1,81+3,20+3,https://cdn.sofifa.net/players/203/376/22_120.png,https://cdn.sofifa.net/teams/9/60.png,https://cdn.sofifa.net/flags/gb-eng.png,https://cdn.sofifa.net/teams/105035/60.png,https://cdn.sofifa.net/flags/nl.png
208722,https://sofifa.com/player/208722/sadio-mane/220002,S. Mané,Sadio Mané,LW,89,89,101000000,270000,29,4/10/92,175,69,9,Liverpool,English Premier League,1,LW,10,,7/1/16,2023,136,Senegal,,,,Right,4,4,4,High/Medium,Unique,Yes,186900000,"#Speedster, #Dribbler, #Acrobat, #Clinical Finisher, #Complete Forward","Flair, Speed Dribbler (AI)",91,83,80,89,44,77,78,86,84,84,75,90,77,64,71,88,93,90,93,91,88,83,87,85,72,80,75,35,90,84,71,84,42,42,38,10,10,15,7,14,,86+3,86+3,86+3,87,88,88,88,87,87+2,87+2,87+2,86+3,80+3,80+3,80+3,86+3,68+3,65+3,65+3,65+3,68+3,65+3,59+3,59+3,59+3,65+3,19+3,https://cdn.sofifa.net/players/208/722/22_120.png,https://cdn.sofifa.net/teams/9/60.png,https://cdn.sofifa.net/flags/gb-eng.png,,https://cdn.sofifa.net/flags/sn.png
209331,https://sofifa.com/player/209331/mohamed-salah/220002,M. Salah,Mohamed Salah Ghaly,RW,89,89,101000000,270000,29,6/15/92,175,71,9,Liverpool,English Premier League,1,RW,11,,7/1/17,2023,111,Egypt,,,,Left,3,4,4,High/Medium,Unique,Yes,186900000,"#Speedster, #Dribbler, #Acrobat, #Clinical Finisher, #Complete Forward","Finesse Shot, Long Shot Taker (AI), Speed Dribbler (AI), Outside Foot Shot, Chip Shot (AI)",90,87,81,90,45,75,79,91,59,84,81,90,83,69,75,89,89,91,91,92,91,82,69,85,75,84,63,55,91,83,86,90,38,43,41,14,14,9,11,14,,85+3,85+3,85+3,88,88,88,88,88,87+2,87+2,87+2,87+2,82+3,82+3,82+3,87+2,71+3,68+3,68+3,68+3,71+3,67+3,58+3,58+3,58+3,67+3,22+3,https://cdn.sofifa.net/players/209/331/22_120.png,https://cdn.sofifa.net/teams/9/60.png,https://cdn.sofifa.net/flags/gb-eng.png,,https://cdn.sofifa.net/flags/eg.png
210257,https://sofifa.com/player/210257/ederson-santana-de-moraes/220002,Ederson,Ederson Santana de Moraes,GK,89,91,94000000,200000,27,8/17/93,188,86,10,Manchester City,English Premier League,1,GK,31,,7/1/17,2026,54,Brazil,,,,Left,3,1,3,Medium/Medium,Unique,Yes,181000000,,"Long Passer (AI), Rushes Out Of Goal, Comes For Crosses",,,,,,,20,14,14,61,18,23,15,20,66,40,64,63,60,88,48,70,66,41,78,18,38,27,20,70,51,70,29,15,8,87,82,93,88,88,64,40+3,40+3,40+3,41,43,43,43,41,47+3,47+3,47+3,44+3,49+3,49+3,49+3,44+3,37+3,44+3,44+3,44+3,37+3,36+3,35+3,35+3,35+3,36+3,87+3,https://cdn.sofifa.net/players/210/257/22_120.png,https://cdn.sofifa.net/teams/10/60.png,https://cdn.sofifa.net/flags/gb-eng.png,,https://cdn.sofifa.net/flags/br.png
212622,https://sofifa.com/player/212622/joshua-kimmich/220002,J. Kimmich,Joshua Walter Kimmich,"CDM, RB",89,90,108000000,160000,26,2/8/95,177,75,21,FC Bayern München,German 1. Bundesliga,1,RDM,6,,7/1/15,2025,21,Germany,1337,RDM,6,Right,4,3,4,High/Medium,Lean (170-185),Yes,186300000,#Crosser,"Leadership, Long Passer (AI), Playmaker (AI)",70,73,86,84,83,79,91,68,72,87,69,83,85,61,90,85,77,65,84,88,84,78,79,94,68,84,89,84,80,85,44,85,85,85,79,8,15,7,15,15,,77+3,77+3,77+3,82,81,81,81,82,83+3,83+3,83+3,83+3,86+3,86+3,86+3,83+3,85+3,86+3,86+3,86+3,85+3,83+3,81+3,81+3,81+3,83+3,21+3,https://cdn.sofifa.net/players/212/622/22_120.png,https://cdn.sofifa.net/teams/21/60.png,https://cdn.sofifa.net/flags/de.png,https://cdn.sofifa.net/teams/1337/60.png,https://cdn.sofifa.net/flags/de.png
212831,https://sofifa.com/player/212831/alisson-ramses-becker/220002,Alisson,Alisson Ramsés Becker,GK,89,90,82000000,190000,28,10/2/92,191,91,9,Liverpool,English Premier League,1,GK,1,,7/19/18,2027,54,Brazil,,,,Right,3,1,3,Medium/Medium,Unique,Yes,157900000,,"GK Long Throw, Rushes Out Of Goal",,,,,,,17,13,29,45,20,27,19,18,44,30,56,47,40,87,37,63,52,32,78,14,27,11,13,66,23,65,15,19,16,86,86,84,90,89,52,37+3,37+3,37+3,35,38,38,38,35,40+3,40+3,40+3,38+3,40+3,40+3,40+3,38+3,31+3,35+3,35+3,35+3,31+3,30+3,31+3,31+3,31+3,30+3,87+3,https://cdn.sofifa.net/players/212/831/22_120.png,https://cdn.sofifa.net/teams/9/60.png,https://cdn.sofifa.net/flags/gb-eng.png,,https://cdn.sofifa.net/flags/br.png
230621,https://sofifa.com/player/230621/gianluigi-donnarumma/220002,G. Donnarumma,Gianluigi Donnarumma,GK,89,93,119500000,110000,22,2/25/99,196,90,73,Paris Saint-Germain,French Ligue 1,1,GK,50,,7/15/21,2026,27,Italy,1343,GK,21,Right,3,1,3,Medium/Medium,Unique,Yes,230000000,,"Rushes Out Of Goal, Comes For Crosses",,,,,,,12,12,12,36,8,28,12,14,34,30,50,55,64,85,38,59,72,34,72,18,30,26,14,60,24,68,20,14,16,91,83,79,85,90,52,34+3,34+3,34+3,34,36,36,36,34,38+3,38+3,38+3,35+3,37+3,37+3,37+3,35+3,31+3,34+3,34+3,34+3,31+3,31+3,31+3,31+3,31+3,31+3,87+3,https://cdn.sofifa.net/players/230/621/22_120.png,https://cdn.sofifa.net/teams/73/60.png,https://cdn.sofifa.net/flags/fr.png,https://cdn.sofifa.net/teams/1343/60.png,https://cdn.sofifa.net/flags/it.png
155862,https://sofifa.com/player/155862/sergio-ramos-garcia/220002,Sergio Ramos,Sergio Ramos García,CB,88,88,24000000,115000,35,3/30/86,184,82,73,Paris Saint-Germain,French Ligue 1,1,LCB,4,,7/8/21,2023,45,Spain,1362,SUB,15,Right,3,3,4,High/Medium,Unique,Yes,44400000,"#Aerial Threat, #Tackling, #Tactician, #Complete Defender","Injury Prone, Dives Into Tackles (AI), Leadership, Long Passer (AI), Power Header, Team Player",70,70,76,74,88,84,66,65,92,82,69,65,74,76,83,83,71,69,77,92,66,79,93,78,84,64,90,87,73,71,92,88,84,89,91,11,8,9,7,11,,76+3,76+3,76+3,73,75,75,75,73,75+3,75+3,75+3,74+3,79+3,79+3,79+3,74+3,81+3,85+3,85+3,85+3,81+3,83+3,87+1,87+1,87+1,83+3,18+3,https://cdn.sofifa.net/players/155/862/22_120.png,https://cdn.sofifa.net/teams/73/60.png,https://cdn.sofifa.net/flags/fr.png,https://cdn.sofifa.net/teams/1362/60.png,https://cdn.sofifa.net/flags/es.png
176580,https://sofifa.com/player/176580/luis-suarez/220002,L. Suárez,Luis Alberto Suárez Díaz,ST,88,88,44500000,135000,34,1/24/87,182,83,240,Atlético de Madrid,Spain Primera Division,1,RS,9,,9/25/20,2022,60,Uruguay,,,,Right,4,3,5,High/Medium,Unique,Yes,91200000,"#Distance Shooter, #Clinical Finisher","Solid Player, Outside Foot Shot",72,90,82,84,47,83,80,93,84,83,90,83,86,82,77,86,76,69,75,92,78,89,69,78,85,88,87,41,91,84,83,87,42,45,38,27,25,31,33,37,,87+1,87+1,87+1,84,86,86,86,84,85+3,85+3,85+3,83+3,80+3,80+3,80+3,83+3,66+3,67+3,67+3,67+3,66+3,63+3,61+3,61+3,61+3,63+3,37+3,https://cdn.sofifa.net/players/176/580/22_120.png,https://cdn.sofifa.net/teams/240/60.png,https://cdn.sofifa.net/flags/es.png,,https://cdn.sofifa.net/flags/uy.png
182521,https://sofifa.com/player/182521/toni-kroos/220002,T. Kroos,Toni Kroos,CM,88,88,75000000,310000,31,1/4/90,183,76,243,Real Madrid CF,Spain Primera Division,1,LCM,8,,7/17/14,2023,21,Germany,,,,Right,5,3,4,Medium/Medium,Normal (170-185),Yes,153800000,"#Playmaker, #Distance Shooter, #Crosser, #Complete Midfielder","Long Passer (AI), Long Shot Taker (AI), Playmaker (AI)",53,81,91,81,71,68,88,77,58,93,82,80,86,84,93,88,55,52,63,90,71,89,32,75,72,86,60,80,76,90,73,88,71,73,60,10,11,13,7,10,,77+3,77+3,77+3,80,81,81,81,80,83+3,83+3,83+3,81+3,86+2,86+2,86+2,81+3,77+3,81+3,81+3,81+3,77+3,74+3,71+3,71+3,71+3,74+3,19+3,https://cdn.sofifa.net/players/182/521/22_120.png,https://cdn.sofifa.net/teams/243/60.png,https://cdn.sofifa.net/flags/es.png,,https://cdn.sofifa.net/flags/de.png
192505,https://sofifa.com/player/192505/romelu-lukaku/220002,R. Lukaku,Romelu Lukaku Menama,ST,88,88,93500000,260000,28,5/13/93,191,94,5,Chelsea,English Premier League,1,ST,9,,8/12/21,2026,7,Belgium,1325,ST,9,Left,4,3,4,Medium/Medium,Unique,Yes,173000000,"#Poacher, #Strength, #Complete Forward","Speed Dribbler (AI), Power Header, Team Player",84,87,74,78,39,83,73,92,89,77,78,83,78,66,70,77,81,87,60,91,52,89,76,71,95,74,71,27,89,75,88,86,30,41,30,8,15,14,7,10,,87+1,87+1,87+1,81,84,84,84,81,80+3,80+3,80+3,80+3,74+3,74+3,74+3,80+3,61+3,59+3,59+3,59+3,61+3,58+3,57+3,57+3,57+3,58+3,19+3,https://cdn.sofifa.net/players/192/505/22_120.png,https://cdn.sofifa.net/teams/5/60.png,https://cdn.sofifa.net/flags/gb-eng.png,https://cdn.sofifa.net/teams/1325/60.png,https://cdn.sofifa.net/flags/be.png
193041,https://sofifa.com/player/193041/keylor-navas/220002,K. Navas,Keylor Navas Gamboa,GK,88,88,15500000,130000,34,12/15/86,185,80,73,Paris Saint-Germain,French Ligue 1,1,SUB,1,,9/2/19,2024,72,Costa Rica,,,,Right,3,1,3,Medium/Medium,Normal (185+),Yes,28700000,,"GK Long Throw, Cautious With Crosses",,,,,,,11,15,11,40,11,24,21,15,37,30,54,53,60,85,61,56,74,39,75,13,32,22,16,68,25,67,28,14,14,89,84,75,87,89,54,34+3,34+3,34+3,35,37,37,37,35,40+3,40+3,40+3,37+3,39+3,39+3,39+3,37+3,32+3,36+3,36+3,36+3,32+3,31+3,32+3,32+3,32+3,31+3,86+2,https://cdn.sofifa.net/players/193/041/22_120.png,https://cdn.sofifa.net/teams/73/60.png,https://cdn.sofifa.net/flags/fr.png,,https://cdn.sofifa.net/flags/cr.png
202652,https://sofifa.com/player/202652/raheem-sterling/220002,R. Sterling,Raheem Sterling,"LW, RW",88,89,107500000,290000,26,12/8/94,170,69,10,Manchester City,English Premier League,1,SUB,7,,7/14/15,2023,14,England,1318,LW,10,Right,3,4,4,High/Medium,Unique,Yes,206900000,"#Speedster, #Dribbler, #Acrobat","Flair, Speed Dribbler (AI)",91,82,79,87,45,66,79,85,46,83,67,87,79,72,69,86,95,88,94,90,93,78,57,79,64,83,59,30,91,82,67,78,47,53,47,15,12,12,15,9,,81+3,81+3,81+3,87,86,86,86,87,86+3,86+3,86+3,85+3,78+3,78+3,78+3,85+3,69+3,64+3,64+3,64+3,69+3,65+3,55+3,55+3,55+3,65+3,21+3,https://cdn.sofifa.net/players/202/652/22_120.png,https://cdn.sofifa.net/teams/10/60.png,https://cdn.sofifa.net/flags/gb-eng.png,https://cdn.sofifa.net/teams/1318/60.png,https://cdn.sofifa.net/flags/gb-eng.png
212198,https://sofifa.com/player/212198/bruno-miguel-borges-fernandes/220002,Bruno Fernandes,Bruno Miguel Borges Fernandes,CAM,88,89,107500000,250000,26,9/8/94,179,69,11,Manchester United,English Premier League,1,CAM,18,,1/30/20,2025,38,Portugal,1354,LCM,11,Right,3,4,3,High/High,Unique,Yes,206900000,"#Playmaker, #Engine, #Distance Shooter, #Crosser, #FK Specialist, #Complete Midfielder","Solid Player, Leadership, Flair, Long Passer (AI), Long Shot Taker (AI), Playmaker (AI), Outside Foot Shot",75,86,89,84,70,77,87,83,64,91,87,83,87,87,88,87,77,73,80,91,79,89,73,91,70,89,78,66,87,90,91,87,72,73,65,12,14,15,8,14,,83+3,83+3,83+3,85,85,85,85,85,87+2,87+2,87+2,86+3,87+2,87+2,87+2,86+3,80+3,80+3,80+3,80+3,80+3,77+3,73+3,73+3,73+3,77+3,21+3,https://cdn.sofifa.net/players/212/198/22_120.png,https://cdn.sofifa.net/teams/11/60.png,https://cdn.sofifa.net/flags/gb-eng.png,https://cdn.sofifa.net/teams/1354/60.png,https://cdn.sofifa.net/flags/pt.png
239085,https://sofifa.com/player/239085/erling-haaland/220002,E. Haaland,Erling Braut Haaland,ST,88,93,137500000,110000,20,7/21/00,194,94,22,Borussia Dortmund,German 1. Bundesliga,1,RS,9,,1/1/20,2024,36,Norway,1352,LS,23,Left,3,3,4,High/High,Unique,Yes,244100000,"#Distance Shooter, #Strength, #Clinical Finisher, #Complete Forward","Solid Player, Speed Dribbler (AI)",89,91,65,80,45,88,47,94,69,77,88,78,77,62,51,85,82,94,75,88,72,94,74,82,93,87,85,43,89,71,76,84,44,43,30,7,14,13,11,7,,87+3,87+3,87+3,80,84,84,84,80,81+3,81+3,81+3,78+3,73+3,73+3,73+3,78+3,62+3,63+3,63+3,63+3,62+3,60+3,60+3,60+3,60+3,60+3,19+3,https://cdn.sofifa.net/players/239/085/22_120.png,https://cdn.sofifa.net/teams/22/60.png,https://cdn.sofifa.net/flags/de.png,https://cdn.sofifa.net/teams/1352/60.png,https://cdn.sofifa.net/flags/no.png
153079,https://sofifa.com/player/153079/sergio-aguero/220002,S. Agüero,Sergio Leonel Agüero del Castillo,ST,87,87,51000000,260000,33,6/2/88,173,70,241,FC Barcelona,Spain Primera Division,1,ST,19,,7/1/21,2023,52,Argentina,1369,SUB,9,Right,4,4,4,High/Medium,Unique,Yes,104600000,"#Dribbler, #Clinical Finisher, #Complete Forward","Injury Prone, Chip Shot (AI)",71,89,75,87,33,69,70,93,78,80,85,86,83,73,64,88,75,68,82,89,90,90,78,62,74,83,65,24,91,80,75,91,30,29,24,13,15,6,11,14,,86+1,86+1,86+1,83,85,85,85,83,84+3,84+3,84+3,80+3,75+3,75+3,75+3,80+3,57+3,57+3,57+3,57+3,57+3,54+3,50+3,50+3,50+3,54+3,21+3,https://cdn.sofifa.net/players/153/079/22_120.png,https://cdn.sofifa.net/teams/241/60.png,https://cdn.sofifa.net/flags/es.png,https://cdn.sofifa.net/teams/1369/60.png,https://cdn.sofifa.net/flags/ar.png
167948,https://sofifa.com/player/167948/hugo-lloris/220002,H. Lloris,Hugo Lloris,GK,87,87,13500000,125000,34,12/26/86,188,82,18,Tottenham Hotspur,English Premier League,1,GK,1,,8/31/12,2022,18,France,1335,GK,1,Left,1,1,4,Medium/Medium,Unique,Yes,25700000,,"Leadership, Team Player, Rushes Out Of Goal",,,,,,,13,10,10,50,11,10,11,10,50,34,61,62,55,85,54,49,74,41,43,14,31,27,10,50,40,65,29,10,18,88,83,65,84,90,61,31+3,31+3,31+3,33,34,34,34,33,38+3,38+3,38+3,36+3,39+3,39+3,39+3,36+3,35+3,38+3,38+3,38+3,35+3,34+3,30+3,30+3,30+3,34+3,85+2,https://cdn.sofifa.net/players/167/948/22_120.png,https://cdn.sofifa.net/teams/18/60.png,https://cdn.sofifa.net/flags/gb-eng.png,https://cdn.sofifa.net/teams/1335/60.png,https://cdn.sofifa.net/flags/fr.png
177003,https://sofifa.com/player/177003/luka-modric/220002,L. Modrić,Luka Modrić,CM,87,87,32000000,190000,35,9/9/85,172,66,243,Real Madrid CF,Spain Primera Division,1,RCM,10,,8/1/12,2022,10,Croatia,,,,Right,4,4,4,Medium/Medium,Lean (170-185),Yes,65600000,"#Playmaker, #Crosser, #Acrobat, #Complete Midfielder","Long Shot Taker (AI), Playmaker (AI), Outside Foot Shot, Technical Dribbler (AI)",73,76,89,88,72,66,86,72,55,91,76,85,85,78,89,90,76,70,91,88,92,79,67,83,58,82,62,80,78,90,82,92,70,75,71,13,9,7,14,9,,76+3,76+3,76+3,83,82,82,82,83,85+2,85+2,85+2,84+3,86+1,86+1,86+1,84+3,81+3,81+3,81+3,81+3,81+3,78+3,72+3,72+3,72+3,78+3,19+3,https://cdn.sofifa.net/players/177/003/22_120.png,https://cdn.sofifa.net/teams/243/60.png,https://cdn.sofifa.net/flags/es.png,,https://cdn.sofifa.net/flags/hr.png
183898,https://sofifa.com/player/183898/angel-di-maria/220002,Á. Di María,Ángel Fabián Di María Hernández,"RW, LW",87,87,49500000,160000,33,2/14/88,180,69,73,Paris Saint-Germain,French Ligue 1,1,SUB,11,,8/6/15,2022,52,Argentina,1369,LW,11,Left,2,5,4,High/Medium,Unique,Yes,91600000,"#Dribbler, #Crosser, #FK Specialist, #Acrobat","Flair, Long Shot Taker (AI), Outside Foot Shot, Chip Shot (AI), Technical Dribbler (AI)",83,81,86,87,48,69,88,79,51,84,78,88,91,88,82,87,83,83,94,84,76,83,73,78,62,86,73,42,84,88,73,86,41,55,52,10,7,11,12,11,,79+3,79+3,79+3,85,84,84,84,85,85+2,85+2,85+2,85+2,81+3,81+3,81+3,85+2,70+3,68+3,68+3,68+3,70+3,67+3,58+3,58+3,58+3,67+3,18+3,https://cdn.sofifa.net/players/183/898/22_120.png,https://cdn.sofifa.net/teams/73/60.png,https://cdn.sofifa.net/flags/fr.png,https://cdn.sofifa.net/teams/1369/60.png,https://cdn.sofifa.net/flags/ar.png
186153,https://sofifa.com/player/186153/wojciech-szczesny/220002,W. Szczęsny,Wojciech Tomasz Szczęsny,GK,87,87,42000000,105000,31,4/18/90,195,90,45,Juventus,Italian Serie A,1,GK,1,,7/19/17,2024,37,Poland,1353,GK,1,Right,3,1,3,Medium/Medium,Lean (185+),Yes,69300000,,Comes For Crosses,,,,,,,12,12,16,32,14,11,16,14,36,22,51,47,55,82,51,55,71,45,65,14,40,15,14,48,18,65,20,13,12,86,82,73,87,88,49,31+3,31+3,31+3,28,31,31,31,28,32+3,32+3,32+3,31+3,33+3,33+3,33+3,31+3,28+3,31+3,31+3,31+3,28+3,28+3,29+3,29+3,29+3,28+3,85+2,https://cdn.sofifa.net/players/186/153/22_120.png,https://cdn.sofifa.net/teams/45/60.png,https://cdn.sofifa.net/flags/it.png,https://cdn.sofifa.net/teams/1353/60.png,https://cdn.sofifa.net/flags/pl.png
189596,https://sofifa.com/player/189596/thomas-muller/220002,T. Müller,Thomas Müller,"CAM, RM, RW",87,87,66000000,140000,31,9/13/89,185,76,21,FC Bayern München,German 1. Bundesliga,1,CAM,25,,8/10/08,2023,21,Germany,,,,Right,4,3,4,High/High,Lean (185+),Yes,108900000,"#Engine, #Clinical Finisher","Solid Player, Leadership, Outside Foot Shot",67,84,83,80,56,71,85,88,81,85,84,77,81,59,79,84,66,67,73,94,71,78,77,86,66,82,62,58,96,85,70,84,47,57,46,6,7,11,14,14,,83+3,83+3,83+3,83,84,84,84,83,84+3,84+3,84+3,83+3,82+3,82+3,82+3,83+3,71+3,71+3,71+3,71+3,71+3,69+3,63+3,63+3,63+3,69+3,20+3,https://cdn.sofifa.net/players/189/596/22_120.png,https://cdn.sofifa.net/teams/21/60.png,https://cdn.sofifa.net/flags/de.png,,https://cdn.sofifa.net/flags/de.png
192387,https://sofifa.com/player/192387/ciro-immobile/220002,C. Immobile,Ciro Immobile,ST,87,87,67500000,125000,31,2/20/90,185,85,46,Lazio,Italian Serie A,1,ST,17,,7/27/16,2025,27,Italy,1343,ST,17,Right,4,3,4,High/Medium,Unique,Yes,114800000,#Clinical Finisher,"Outside Foot Shot, Chip Shot (AI)",86,87,67,81,39,77,55,91,81,80,85,80,70,51,53,83,84,87,75,90,85,86,82,78,76,80,77,40,91,71,88,79,34,33,32,6,8,15,12,6,,86+1,86+1,86+1,81,84,84,84,81,81+3,81+3,81+3,79+3,73+3,73+3,73+3,79+3,61+3,60+3,60+3,60+3,61+3,59+3,56+3,56+3,56+3,59+3,17+3,https://cdn.sofifa.net/players/192/387/22_120.png,https://cdn.sofifa.net/teams/46/60.png,https://cdn.sofifa.net/flags/it.png,https://cdn.sofifa.net/teams/1343/60.png,https://cdn.sofifa.net/flags/it.png
195864,https://sofifa.com/player/195864/paul-pogba/220002,P. Pogba,Paul Pogba,"CM, LM",87,87,79500000,220000,28,3/15/93,191,84,11,Manchester United,English Premier League,1,RDM,6,,8/9/16,2022,18,France,1335,RCM,6,Right,4,5,4,High/Medium,Unique,Yes,147100000,"#Dribbler, #Playmaker, #Distance Shooter, #Strength, #Complete Midfielder","Injury Prone, Flair, Long Passer (AI), Long Shot Taker (AI), Playmaker (AI), Outside Foot Shot, Technical Dribbler (AI)",71,81,86,86,65,83,77,75,74,88,84,88,85,82,92,90,63,77,73,83,67,90,82,77,89,84,78,65,80,89,81,88,59,67,63,5,6,2,4,3,,82+3,82+3,82+3,82,83,83,83,82,85+2,85+2,85+2,83+3,85+2,85+2,85+2,83+3,74+3,78+3,78+3,78+3,74+3,72+3,72+3,72+3,72+3,72+3,13+3,https://cdn.sofifa.net/players/195/864/22_120.png,https://cdn.sofifa.net/teams/11/60.png,https://cdn.sofifa.net/flags/gb-eng.png,https://cdn.sofifa.net/teams/1335/60.png,https://cdn.sofifa.net/flags/fr.png
199556,https://sofifa.com/player/199556/marco-verratti/220002,M. Verratti,Marco Verratti,"CM, CAM",87,87,79500000,155000,28,11/5/92,165,60,73,Paris Saint-Germain,French Ligue 1,1,LCM,6,,7/18/12,2024,27,Italy,1343,LCM,6,Right,4,4,3,Medium/High,Unique,Yes,147100000,"#Dribbler, #Playmaker, #Acrobat, #Complete Midfielder","Injury Prone, Dives Into Tackles (AI), Flair, Playmaker (AI), Outside Foot Shot",64,61,87,91,79,67,82,60,57,90,64,91,85,64,89,92,68,60,91,87,94,60,67,76,54,58,89,85,78,89,64,94,78,82,84,12,12,15,15,10,,71+3,71+3,71+3,81,79,79,79,81,84+3,84+3,84+3,82+3,86+1,86+1,86+1,82+3,82+3,84+3,84+3,84+3,82+3,80+3,77+3,77+3,77+3,80+3,21+3,https://cdn.sofifa.net/players/199/556/22_120.png,https://cdn.sofifa.net/teams/73/60.png,https://cdn.sofifa.net/flags/fr.png,https://cdn.sofifa.net/teams/1343/60.png,https://cdn.sofifa.net/flags/it.png
207865,https://sofifa.com/player/207865/marcos-aoas-correa/220002,Marquinhos,Marcos Aoás Corrêa,"CB, CDM",87,90,90500000,135000,27,5/14/94,183,75,73,Paris Saint-Germain,French Ligue 1,1,RCB,5,,7/19/13,2024,54,Brazil,,,,Right,3,3,3,Medium/High,Normal (170-185),Yes,174200000,"#Tackling, #Tactician ","Leadership, Long Passer (AI), Power Header, Team Player",81,53,75,74,89,81,68,51,88,84,35,69,58,32,85,79,81,81,69,87,67,65,92,83,78,45,81,88,68,74,52,86,89,89,89,6,6,12,10,13,,70+3,70+3,70+3,72,72,72,72,72,74+3,74+3,74+3,75+3,79+3,79+3,79+3,75+3,83+3,85+3,85+3,85+3,83+3,84+3,86+3,86+3,86+3,84+3,18+3,https://cdn.sofifa.net/players/207/865/22_120.png,https://cdn.sofifa.net/teams/73/60.png,https://cdn.sofifa.net/flags/fr.png,,https://cdn.sofifa.net/flags/br.png
209658,https://sofifa.com/player/209658/leon-goretzka/220002,L. Goretzka,Leon Christoph Goretzka,"CM, CDM",87,88,93000000,140000,26,2/6/95,189,82,21,FC Bayern München,German 1. Bundesliga,1,LDM,8,,7/1/18,2026,21,Germany,1337,LDM,8,Right,4,3,4,High/Medium,Unique,Yes,160400000,#Tactician ,"Dives Into Tackles (AI), Long Shot Taker (AI)",81,82,82,84,81,86,75,82,86,86,69,84,76,75,84,87,78,83,76,88,71,85,79,88,88,86,81,86,85,84,60,82,74,85,77,13,8,15,11,9,,84+3,84+3,84+3,83,85,85,85,83,85+3,85+3,85+3,84+3,86+2,86+2,86+2,84+3,83+3,84+3,84+3,84+3,83+3,82+3,83+3,83+3,83+3,82+3,19+3,https://cdn.sofifa.net/players/209/658/22_120.png,https://cdn.sofifa.net/teams/21/60.png,https://cdn.sofifa.net/flags/de.png,https://cdn.sofifa.net/teams/1337/60.png,https://cdn.sofifa.net/flags/de.png
211110,https://sofifa.com/player/211110/paulo-dybala/220002,P. Dybala,Paulo Bruno Exequiel Dybala,"CF, CAM",87,88,93000000,160000,27,11/15/93,177,75,45,Juventus,Italian Serie A,1,CAM,10,,7/1/15,2022,52,Argentina,1369,SUB,21,Left,3,4,3,Medium/Medium,Unique,Yes,160400000,"#Dribbler, #Playmaker, #FK Specialist, #Acrobat, #Complete Midfielder","Finesse Shot, Flair, Long Shot Taker (AI), Playmaker (AI), Outside Foot Shot, Technical Dribbler (AI)",84,86,86,90,40,60,82,85,59,87,88,90,90,88,79,93,88,80,92,80,94,84,75,70,61,89,43,42,82,91,84,79,32,41,39,5,4,4,5,8,,82+3,82+3,82+3,87,86,86,86,87,88,88,88,85+3,81+3,81+3,81+3,85+3,66+3,63+3,63+3,63+3,66+3,62+3,52+3,52+3,52+3,62+3,14+3,https://cdn.sofifa.net/players/211/110/22_120.png,https://cdn.sofifa.net/teams/45/60.png,https://cdn.sofifa.net/flags/it.png,https://cdn.sofifa.net/teams/1369/60.png,https://cdn.sofifa.net/flags/ar.png
216267,https://sofifa.com/player/216267/andrew-robertson/220002,A. Robertson,Andrew Robertson,LB,87,88,83500000,175000,27,3/11/94,178,64,9,Liverpool,English Premier League,1,LB,26,,7/21/17,2026,42,Scotland,1359,LWB,3,Left,2,3,3,High/High,Unique,Yes,160700000,"#Engine, #Crosser","Leadership, Early Crosser, Speed Dribbler (AI)",84,61,81,81,82,76,88,55,67,82,32,81,82,71,76,83,83,85,78,85,74,76,62,95,65,65,85,83,77,80,55,83,83,84,81,11,8,10,7,14,,72+3,72+3,72+3,79,77,77,77,79,79+3,79+3,79+3,81+3,81+3,81+3,81+3,81+3,85+3,82+3,82+3,82+3,85+3,84+3,79+3,79+3,79+3,84+3,18+3,https://cdn.sofifa.net/players/216/267/22_120.png,https://cdn.sofifa.net/teams/9/60.png,https://cdn.sofifa.net/flags/gb-eng.png,https://cdn.sofifa.net/teams/1359/60.png,https://cdn.sofifa.net/flags/gb-sct.png
228702,https://sofifa.com/player/228702/frenkie-de-jong/220002,F. de Jong,Frenkie de Jong,"CM, CDM, CB",87,92,119500000,210000,24,5/12/97,180,74,241,FC Barcelona,Spain Primera Division,1,RCM,21,,7/1/19,2026,34,Netherlands,105035,CDM,21,Right,3,4,3,High/Medium,Unique,Yes,253900000,"#Dribbler, #Playmaker, #Acrobat, #Complete Midfielder","Flair, Playmaker (AI), Outside Foot Shot, Technical Dribbler (AI)",81,69,85,88,77,78,78,72,72,91,70,88,84,64,87,89,80,82,88,88,79,68,76,90,74,66,75,82,77,86,45,90,76,76,77,7,13,10,10,9,,78+3,78+3,78+3,83,82,82,82,83,85+3,85+3,85+3,85+3,86+3,86+3,86+3,85+3,83+3,83+3,83+3,83+3,83+3,82+3,78+3,78+3,78+3,82+3,18+3,https://cdn.sofifa.net/players/228/702/22_120.png,https://cdn.sofifa.net/teams/241/60.png,https://cdn.sofifa.net/flags/es.png,https://cdn.sofifa.net/teams/105035/60.png,https://cdn.sofifa.net/flags/nl.png
231281,https://sofifa.com/player/231281/trent-alexander-arnold/220002,T. Alexander-Arnold,Trent Alexander-Arnold,RB,87,92,114000000,150000,22,10/7/98,180,69,9,Liverpool,English Premier League,1,RB,66,,10/7/15,2025,14,England,1318,SUB,22,Right,4,3,3,High/Medium,Unique,Yes,219500000,#Crosser,"Early Crosser, Long Passer (AI), Long Shot Taker (AI)",79,68,88,80,80,72,92,60,69,86,62,78,87,85,90,86,77,80,73,82,73,82,66,88,63,75,74,82,77,87,55,81,80,83,79,14,15,14,6,7,,75+3,75+3,75+3,80,79,79,79,80,81+3,81+3,81+3,82+3,84+3,84+3,84+3,82+3,84+3,83+3,83+3,83+3,84+3,83+3,78+3,78+3,78+3,83+3,19+3,https://cdn.sofifa.net/players/231/281/22_120.png,https://cdn.sofifa.net/teams/9/60.png,https://cdn.sofifa.net/flags/gb-eng.png,https://cdn.sofifa.net/teams/1318/60.png,https://cdn.sofifa.net/flags/gb-eng.png
233049,https://sofifa.com/player/233049/jadon-sancho/220002,J. Sancho,Jadon Sancho,"RM, CF, LM",87,91,116500000,150000,21,3/25/00,180,76,11,Manchester United,English Premier League,1,LM,25,,7/23/21,2026,14,England,1318,SUB,17,Right,3,5,3,High/Medium,Unique,Yes,224300000,"#Dribbler, #Acrobat","Finesse Shot, Flair, Playmaker (AI), Technical Dribbler (AI)",81,76,82,91,36,65,82,83,38,87,83,92,84,65,70,90,85,78,91,85,90,73,51,77,68,65,44,39,83,87,62,86,32,39,32,7,11,10,11,13,,78+3,78+3,78+3,85,84,84,84,85,85+3,85+3,85+3,85+3,79+3,79+3,79+3,85+3,66+3,62+3,62+3,62+3,66+3,60+3,48+3,48+3,48+3,60+3,19+3,https://cdn.sofifa.net/players/233/049/22_120.png,https://cdn.sofifa.net/teams/11/60.png,https://cdn.sofifa.net/flags/gb-eng.png,https://cdn.sofifa.net/teams/1318/60.png,https://cdn.sofifa.net/flags/gb-eng.png
239818,https://sofifa.com/player/239818/ruben-santos-gato-alves-dias/220002,Rúben Dias,Rúben dos Santos Gato Alves Dias,CB,87,91,102500000,170000,24,5/14/97,187,82,10,Manchester City,English Premier League,1,RCB,3,,9/29/20,2027,38,Portugal,1354,LCB,4,Right,4,2,3,Medium/High,Normal (185+),Yes,197300000,#Tackling ,"Solid Player, Leadership, Power Header",61,38,65,68,88,88,54,29,87,81,32,64,46,48,74,74,57,65,59,87,56,74,78,88,88,22,92,85,39,51,45,81,90,89,85,7,8,13,7,12,,61+3,61+3,61+3,59,60,60,60,59,61+3,61+3,61+3,64+3,70+3,70+3,70+3,64+3,78+3,83+3,83+3,83+3,78+3,80+3,86+3,86+3,86+3,80+3,17+3,https://cdn.sofifa.net/players/239/818/22_120.png,https://cdn.sofifa.net/teams/10/60.png,https://cdn.sofifa.net/flags/gb-eng.png,https://cdn.sofifa.net/teams/1354/60.png,https://cdn.sofifa.net/flags/pt.png
138956,https://sofifa.com/player/138956/giorgio-chiellini/220002,G. Chiellini,Giorgio Chiellini,CB,86,86,12000000,88000,36,8/14/84,187,85,45,Juventus,Italian Serie A,1,SUB,3,,7/1/05,2023,27,Italy,1343,LCB,3,Left,3,2,4,Medium/High,Normal (185+),Yes,19800000,"#Tackling, #Tactician, #Strength, #Complete Defender","Long Throw-in, Injury Prone, Dives Into Tackles (AI), Power Header, Team Player",68,46,60,59,89,85,63,33,77,65,45,57,60,31,67,57,67,69,53,80,57,78,91,71,91,49,88,89,28,50,50,83,93,89,88,3,3,2,4,3,,57+3,57+3,57+3,55,55,55,55,55,55+3,55+3,55+3,58+3,62+3,62+3,62+3,58+3,75+3,77+3,77+3,77+3,75+3,78+3,85+1,85+1,85+1,78+3,12+3,https://cdn.sofifa.net/players/138/956/22_120.png,https://cdn.sofifa.net/teams/45/60.png,https://cdn.sofifa.net/flags/it.png,https://cdn.sofifa.net/teams/1343/60.png,https://cdn.sofifa.net/flags/it.png
162835,https://sofifa.com/player/162835/samir-handanovic/220002,S. Handanovič,Samir Handanovič,GK,86,86,7500000,78000,36,7/14/84,193,92,44,Inter,Italian Serie A,1,GK,1,,7/1/12,2022,44,Slovenia,,,,Right,3,1,3,Medium/Medium,Unique,Yes,12800000,,"Solid Player, GK Long Throw, Team Player",,,,,,,12,10,10,42,12,18,20,14,40,21,45,50,47,79,36,49,78,41,69,19,25,22,12,41,23,69,25,10,13,81,81,65,92,87,47,30+3,30+3,30+3,29,31,31,31,29,33+3,33+3,33+3,31+3,34+3,34+3,34+3,31+3,30+3,33+3,33+3,33+3,30+3,29+3,29+3,29+3,29+3,29+3,84+2,https://cdn.sofifa.net/players/162/835/22_120.png,https://cdn.sofifa.net/teams/44/60.png,https://cdn.sofifa.net/flags/it.png,,https://cdn.sofifa.net/flags/si.png
178603,https://sofifa.com/player/178603/mats-hummels/220002,M. Hummels,Mats Hummels,CB,86,86,44000000,95000,32,12/16/88,191,96,22,Borussia Dortmund,German 1. Bundesliga,1,LCB,15,,7/1/19,2022,21,Germany,,,,Right,3,3,4,High/High,Normal (185+),Yes,74800000,"#Tackling, #Tactician, #Strength, #Complete Defender","Leadership, Long Passer (AI), Playmaker (AI), Power Header, Outside Foot Shot",56,59,77,73,89,77,65,57,88,82,61,69,66,53,86,79,47,64,61,88,62,71,70,66,86,49,71,89,57,80,68,89,90,90,86,15,6,10,5,6,,70+3,70+3,70+3,68,70,70,70,68,72+3,72+3,72+3,71+3,78+3,78+3,78+3,71+3,78+3,84+2,84+2,84+2,78+3,80+3,85+1,85+1,85+1,80+3,17+3,https://cdn.sofifa.net/players/178/603/22_120.png,https://cdn.sofifa.net/teams/22/60.png,https://cdn.sofifa.net/flags/de.png,,https://cdn.sofifa.net/flags/de.png
189332,https://sofifa.com/player/189332/jordi-alba-ramos/220002,Jordi Alba,Jordi Alba Ramos,"LB, LM",86,86,47000000,200000,32,3/21/89,170,68,241,FC Barcelona,Spain Primera Division,1,LB,18,,7/1/12,2024,45,Spain,1362,LB,18,Left,3,3,3,High/Medium,Unique,Yes,96400000,#Acrobat,Speed Dribbler (AI),86,69,81,83,77,71,85,73,70,85,60,81,80,63,79,85,87,86,90,80,85,64,80,87,61,66,75,81,83,78,59,80,74,78,80,13,15,13,6,13,,76+3,76+3,76+3,82,80,80,80,82,81+3,81+3,81+3,83+3,81+3,81+3,81+3,83+3,82+3,80+3,80+3,80+3,82+3,82+3,76+3,76+3,76+3,82+3,19+3,https://cdn.sofifa.net/players/189/332/22_120.png,https://cdn.sofifa.net/teams/241/60.png,https://cdn.sofifa.net/flags/es.png,https://cdn.sofifa.net/teams/1362/60.png,https://cdn.sofifa.net/flags/es.png
189509,https://sofifa.com/player/189509/thiago-alcantara/220002,Thiago,Thiago Alcântara do Nascimento,"CM, CDM",86,86,65000000,180000,30,4/11/91,174,70,9,Liverpool,English Premier League,1,LCM,6,,9/18/20,2024,45,Spain,1362,SUB,10,Right,3,5,3,Medium/Medium,Normal (170-185),Yes,120300000,"#Dribbler, #Acrobat","Injury Prone, Dives Into Tackles (AI), Flair, Playmaker (AI), Outside Foot Shot, Technical Dribbler (AI)",63,72,86,90,70,66,78,68,54,90,82,90,85,77,89,92,72,55,91,84,90,75,80,74,59,73,72,82,75,85,75,88,67,71,68,6,11,7,9,13,,74+3,74+3,74+3,81,80,80,80,81,84+2,84+2,84+2,82+3,85+1,85+1,85+1,82+3,77+3,80+3,80+3,80+3,77+3,75+3,71+3,71+3,71+3,75+3,18+3,https://cdn.sofifa.net/players/189/509/22_120.png,https://cdn.sofifa.net/teams/9/60.png,https://cdn.sofifa.net/flags/gb-eng.png,https://cdn.sofifa.net/teams/1362/60.png,https://cdn.sofifa.net/flags/es.png
189511,https://sofifa.com/player/189511/sergio-busquets-burgos/220002,Sergio Busquets,Sergio Busquets i Burgos,"CDM, CM",86,86,45000000,200000,32,7/16/88,189,76,241,FC Barcelona,Spain Primera Division,1,CDM,5,,9/1/08,2023,45,Spain,1362,CDM,5,Right,3,3,4,Medium/Medium,Lean (185+),Yes,92300000,,"Leadership, Team Player",42,62,79,80,82,75,62,67,68,87,44,81,66,68,85,86,40,43,67,86,50,61,66,78,72,54,81,85,77,83,60,90,84,82,81,5,8,13,9,13,,70+3,70+3,70+3,73,75,75,75,73,78+3,78+3,78+3,75+3,82+3,82+3,82+3,75+3,77+3,84+2,84+2,84+2,77+3,76+3,79+3,79+3,79+3,76+3,17+3,https://cdn.sofifa.net/players/189/511/22_120.png,https://cdn.sofifa.net/teams/241/60.png,https://cdn.sofifa.net/flags/es.png,https://cdn.sofifa.net/teams/1362/60.png,https://cdn.sofifa.net/flags/es.png
189513,https://sofifa.com/player/189513/daniel-parejo-munoz/220002,Parejo,Daniel Parejo Muñoz,CM,86,86,53500000,64000,32,4/16/89,182,74,483,Villarreal CF,Spain Primera Division,1,LCM,5,,8/12/20,2024,45,Spain,,,,Right,4,3,2,Medium/Medium,Lean (170-185),Yes,112400000,"#Playmaker, #Crosser, #FK Specialist, #Complete Midfielder","Solid Player, Long Passer (AI), Playmaker (AI)",50,83,90,81,71,69,86,83,61,92,72,82,88,90,90,86,52,49,63,80,72,81,49,78,70,88,58,81,82,89,88,85,70,70,69,5,9,12,14,8,,77+2,77+2,77+2,80,81,81,81,80,83+2,83+2,83+2,81+2,85+1,85+1,85+1,81+2,77+2,80+2,80+2,80+2,77+2,74+2,71+2,71+2,71+2,74+2,17+2,https://cdn.sofifa.net/players/189/513/22_120.png,https://cdn.sofifa.net/teams/483/60.png,https://cdn.sofifa.net/flags/es.png,,https://cdn.sofifa.net/flags/es.png
192984,https://sofifa.com/player/192984/koen-casteels/220002,K. Casteels,Koen Casteels,GK,86,87,52000000,88000,29,6/25/92,197,86,175,VfL Wolfsburg,German 1. Bundesliga,1,GK,1,,1/21/15,2024,7,Belgium,,,,Left,2,1,3,Medium/Medium,Normal (185+),Yes,92300000,,Comes For Crosses,,,,,,,15,15,14,35,13,14,20,13,37,23,44,46,50,83,43,60,58,44,72,18,33,16,15,42,20,40,11,19,17,85,83,80,84,87,45,32+3,32+3,32+3,29,31,31,31,29,32+3,32+3,32+3,31+3,33+3,33+3,33+3,31+3,29+3,32+3,32+3,32+3,29+3,29+3,29+3,29+3,29+3,29+3,84+3,https://cdn.sofifa.net/players/192/984/22_120.png,https://cdn.sofifa.net/teams/175/60.png,https://cdn.sofifa.net/flags/de.png,,https://cdn.sofifa.net/flags/be.png
198219,https://sofifa.com/player/198219/lorenzo-insigne/220002,L. Insigne,Lorenzo Insigne,"LW, CF",86,86,65500000,125000,30,6/4/91,163,59,48,Napoli,Italian Serie A,1,LW,24,,7/1/10,2022,27,Italy,1343,LW,10,Right,4,4,4,High/Medium,Unique,Yes,111400000,"#Dribbler, #FK Specialist","Finesse Shot, Flair, Long Shot Taker (AI), Outside Foot Shot, Technical Dribbler (AI)",87,78,85,90,36,45,77,76,59,87,74,90,87,86,84,93,90,84,89,79,93,76,50,74,34,82,34,26,81,89,87,81,53,24,22,8,4,14,9,10,,77+3,77+3,77+3,85,84,84,84,85,86,86,86,85+1,80+3,80+3,80+3,85+1,63+3,59+3,59+3,59+3,63+3,58+3,44+3,44+3,44+3,58+3,16+3,https://cdn.sofifa.net/players/198/219/22_120.png,https://cdn.sofifa.net/teams/48/60.png,https://cdn.sofifa.net/flags/it.png,https://cdn.sofifa.net/teams/1343/60.png,https://cdn.sofifa.net/flags/it.png
201024,https://sofifa.com/player/201024/kalidou-koulibaly/220002,K. Koulibaly,Kalidou Koulibaly,CB,86,86,55500000,105000,30,6/20/91,187,89,48,Napoli,Italian Serie A,1,LCB,26,,7/1/14,2023,136,Senegal,,,,Right,3,2,3,Medium/High,Unique,Yes,94400000,"#Tackling, #Strength",Power Header,81,28,51,65,87,85,30,22,84,63,14,69,28,28,63,64,74,87,51,83,34,55,82,70,94,15,83,85,35,52,33,82,90,88,86,7,11,7,13,5,,56+3,56+3,56+3,55,57,57,57,55,57+3,57+3,57+3,59+3,62+3,62+3,62+3,59+3,73+3,76+3,76+3,76+3,73+3,76+3,85+1,85+1,85+1,76+3,17+3,https://cdn.sofifa.net/players/201/024/22_120.png,https://cdn.sofifa.net/teams/48/60.png,https://cdn.sofifa.net/flags/it.png,,https://cdn.sofifa.net/flags/sn.png
201535,https://sofifa.com/player/201535/raphael-varane/220002,R. Varane,Raphaël Varane,CB,86,88,68500000,180000,28,4/25/93,191,81,11,Manchester United,English Premier League,1,RCB,19,,7/27/21,2025,18,France,1335,RCB,4,Right,3,2,3,Medium/High,Unique,Yes,131900000,#Tackling ,Dives Into Tackles (AI),82,49,64,65,87,82,42,46,86,78,42,55,46,52,76,78,79,85,62,84,39,52,81,76,86,53,80,85,55,59,43,83,86,88,87,11,11,9,5,14,,66+3,66+3,66+3,64,66,66,66,64,67+3,67+3,67+3,67+3,72+3,72+3,72+3,67+3,77+3,81+3,81+3,81+3,77+3,80+3,85+3,85+3,85+3,80+3,18+3,https://cdn.sofifa.net/players/201/535/22_120.png,https://cdn.sofifa.net/teams/11/60.png,https://cdn.sofifa.net/flags/gb-eng.png,https://cdn.sofifa.net/teams/1335/60.png,https://cdn.sofifa.net/flags/fr.png
204485,https://sofifa.com/player/204485/riyad-mahrez/220002,R. Mahrez,Riyad Mahrez,"RW, RM",86,86,65500000,220000,30,2/21/91,179,67,10,Manchester City,English Premier League,1,RW,26,,7/10/18,2023,97,Algeria,,,,Left,4,5,3,Medium/Medium,Unique,Yes,121200000,"#Dribbler, #Acrobat","Finesse Shot, Flair, Long Shot Taker (AI), Technical Dribbler (AI)",81,79,81,90,38,60,81,81,48,83,76,91,85,78,75,91,84,79,92,81,88,79,56,75,57,79,48,39,80,84,70,84,45,31,22,15,9,13,11,6,,78+3,78+3,78+3,85,83,83,83,85,85+1,85+1,85+1,84+2,78+3,78+3,78+3,84+2,64+3,61+3,61+3,61+3,64+3,58+3,48+3,48+3,48+3,58+3,18+3,https://cdn.sofifa.net/players/204/485/22_120.png,https://cdn.sofifa.net/teams/10/60.png,https://cdn.sofifa.net/flags/gb-eng.png,,https://cdn.sofifa.net/flags/dz.png
208093,https://sofifa.com/player/208093/gerard-moreno-balaguero/220002,Gerard Moreno,Gerard Moreno Balagueró,"ST, RM, RW",86,86,68000000,73000,29,4/7/92,180,77,483,Villarreal CF,Spain Primera Division,1,RS,7,,7/2/18,2027,45,Spain,1362,ST,9,Left,4,3,2,High/Medium,Lean (170-185),Yes,142800000,#Clinical Finisher,"Finesse Shot, Outside Foot Shot",79,86,77,84,46,73,77,89,82,81,81,86,75,62,75,85,80,78,77,89,70,83,76,79,75,83,61,42,87,78,85,78,44,41,41,15,12,7,12,10,,84+2,84+2,84+2,83,84,84,84,83,83+2,83+2,83+2,83+2,78+2,78+2,78+2,83+2,66+2,64+2,64+2,64+2,66+2,64+2,58+2,58+2,58+2,64+2,20+2,https://cdn.sofifa.net/players/208/093/22_120.png,https://cdn.sofifa.net/teams/483/60.png,https://cdn.sofifa.net/flags/es.png,https://cdn.sofifa.net/teams/1362/60.png,https://cdn.sofifa.net/flags/es.png
208830,https://sofifa.com/player/208830/jamie-vardy/220002,J. Vardy,Jamie Vardy,ST,86,86,33000000,180000,34,1/11/87,179,74,95,Leicester City,English Premier League,1,ST,9,,5/1/12,2023,14,England,,,,Right,4,3,3,High/Medium,Unique,Yes,62700000,,"Dives Into Tackles (AI), Team Player, Chip Shot (AI)",85,84,70,80,52,73,69,90,79,74,84,78,68,60,60,82,85,85,76,91,76,87,80,76,66,67,87,49,92,76,85,88,45,52,54,15,14,7,15,11,,84+2,84+2,84+2,81,83,83,83,81,80+3,80+3,80+3,80+3,74+3,74+3,74+3,80+3,68+3,65+3,65+3,65+3,68+3,67+3,63+3,63+3,63+3,67+3,22+3,https://cdn.sofifa.net/players/208/830/22_120.png,https://cdn.sofifa.net/teams/95/60.png,https://cdn.sofifa.net/flags/gb-eng.png,,https://cdn.sofifa.net/flags/gb-eng.png
209499,https://sofifa.com/player/209499/fabio-henrique-tavares/220002,Fabinho,Fábio Henrique Tavares,"CDM, CB",86,88,73500000,165000,27,10/23/93,188,78,9,Liverpool,English Premier League,1,CDM,3,,7/1/18,2026,54,Brazil,,,,Right,2,3,3,Medium/High,Unique,Yes,141500000,"#Tackling, #Tactician ","Dives Into Tackles (AI), Long Passer (AI)",67,69,78,78,85,83,75,63,75,84,47,78,71,53,82,81,65,68,64,86,64,81,75,88,81,70,85,87,70,75,90,84,86,87,85,13,12,6,8,8,,74+3,74+3,74+3,75,75,75,75,75,76+3,76+3,76+3,77+3,81+3,81+3,81+3,77+3,82+3,84+3,84+3,84+3,82+3,82+3,84+3,84+3,84+3,82+3,18+3,https://cdn.sofifa.net/players/209/499/22_120.png,https://cdn.sofifa.net/teams/9/60.png,https://cdn.sofifa.net/flags/gb-eng.png,,https://cdn.sofifa.net/flags/br.png
210514,https://sofifa.com/player/210514/joao-pedro-cavaco-cancelo/220002,João Cancelo,João Pedro Cavaco Cancelo,"RB, LB",86,87,71500000,185000,27,5/27/94,182,74,10,Manchester City,English Premier League,1,LB,27,,8/7/19,2025,38,Portugal,1354,RB,20,Right,4,4,3,High/Medium,Unique,Yes,137600000,#Crosser,"Long Shot Taker (AI), Technical Dribbler (AI)",85,71,83,84,80,72,86,68,72,85,62,85,84,69,78,85,86,84,80,85,78,80,72,90,62,75,73,80,80,83,46,85,79,82,80,6,9,15,14,14,,78+3,78+3,78+3,82,81,81,81,82,82+3,82+3,82+3,83+3,83+3,83+3,83+3,83+3,84+3,81+3,81+3,81+3,84+3,83+3,78+3,78+3,78+3,83+3,19+3,https://cdn.sofifa.net/players/210/514/22_120.png,https://cdn.sofifa.net/teams/10/60.png,https://cdn.sofifa.net/flags/gb-eng.png,https://cdn.sofifa.net/teams/1354/60.png,https://cdn.sofifa.net/flags/pt.png
212218,https://sofifa.com/player/212218/aymeric-laporte/220002,A. Laporte,Aymeric Laporte,CB,86,89,77000000,185000,27,5/27/94,191,85,10,Manchester City,English Premier League,1,LCB,14,,1/30/18,2024,45,Spain,1362,LCB,24,Left,3,2,3,Medium/Medium,Unique,Yes,148200000,"#Tackling, #Tactician ",Long Passer (AI),63,50,72,69,86,80,58,45,84,82,40,63,61,69,80,78,59,67,57,87,60,68,80,72,84,47,81,87,54,65,44,84,86,87,86,10,11,5,14,5,,66+3,66+3,66+3,65,66,66,66,65,68+3,68+3,68+3,68+3,74+3,74+3,74+3,68+3,77+3,82+3,82+3,82+3,77+3,79+3,85+3,85+3,85+3,79+3,18+3,https://cdn.sofifa.net/players/212/218/22_120.png,https://cdn.sofifa.net/teams/10/60.png,https://cdn.sofifa.net/flags/gb-eng.png,https://cdn.sofifa.net/teams/1362/60.png,https://cdn.sofifa.net/flags/es.png
213345,https://sofifa.com/player/213345/kingsley-coman/220002,K. Coman,Kingsley Junior Coman,"LM, RM, LW",86,87,81000000,120000,25,6/13/96,180,76,21,FC Bayern München,German 1. Bundesliga,1,SUB,11,,8/30/15,2023,18,France,1335,SUB,20,Right,3,4,4,Medium/Medium,Unique,Yes,139700000,"#Speedster, #Dribbler, #Acrobat","Injury Prone, Speed Dribbler (AI)",93,76,79,88,30,60,79,75,61,80,77,89,83,70,74,88,94,93,91,85,84,80,73,69,64,73,35,23,85,81,70,78,29,27,21,5,3,5,3,5,,80+3,80+3,80+3,85,84,84,84,85,84+3,84+3,84+3,84+3,75+3,75+3,75+3,84+3,60+3,55+3,55+3,55+3,60+3,56+3,45+3,45+3,45+3,56+3,13+3,https://cdn.sofifa.net/players/213/345/22_120.png,https://cdn.sofifa.net/teams/21/60.png,https://cdn.sofifa.net/flags/de.png,https://cdn.sofifa.net/teams/1335/60.png,https://cdn.sofifa.net/flags/fr.png
218667,https://sofifa.com/player/218667/bernardo-mota-carvalho-e-silva/220002,Bernardo Silva,Bernardo Mota Veiga de Carvalho e Silva,"CAM, CM, RW",86,87,80000000,200000,26,8/10/94,173,64,10,Manchester City,English Premier League,1,SUB,20,,7/1/17,2025,38,Portugal,1354,RCM,10,Left,3,4,2,High/High,Lean (170-185),Yes,154000000,"#Dribbler, #Engine, #Acrobat","Flair, Playmaker (AI), Outside Foot Shot, Technical Dribbler (AI)",80,76,83,91,54,67,85,77,51,86,70,92,84,67,76,90,83,77,94,84,92,76,51,93,54,76,70,54,83,84,68,87,49,63,45,9,10,14,12,9,,77+2,77+2,77+2,85,84,84,84,85,85+2,85+2,85+2,85+2,82+2,82+2,82+2,85+2,74+2,71+2,71+2,71+2,74+2,69+2,60+2,60+2,60+2,69+2,18+2,https://cdn.sofifa.net/players/218/667/22_120.png,https://cdn.sofifa.net/teams/10/60.png,https://cdn.sofifa.net/flags/gb-eng.png,https://cdn.sofifa.net/teams/1354/60.png,https://cdn.sofifa.net/flags/pt.png
226161,https://sofifa.com/player/226161/marcos-llorente-moreno/220002,Marcos Llorente,Marcos Llorente Moreno,"CM, RM, ST",86,89,88000000,95000,26,1/30/95,184,74,240,Atlético de Madrid,Spain Primera Division,1,RM,14,,7/1/19,2027,45,Spain,1362,RB,6,Right,4,3,3,High/Medium,Lean (170-185),Yes,187000000,#Playmaker ,Speed Dribbler (AI),88,80,81,82,78,82,74,81,67,86,64,82,73,58,83,84,86,90,82,86,69,84,69,90,79,79,83,82,87,86,64,83,79,80,74,13,6,6,11,15,,82+3,82+3,82+3,83,84,84,84,83,84+3,84+3,84+3,84+3,84+3,84+3,84+3,84+3,82+3,83+3,83+3,83+3,82+3,81+3,79+3,79+3,79+3,81+3,19+3,https://cdn.sofifa.net/players/226/161/22_120.png,https://cdn.sofifa.net/teams/240/60.png,https://cdn.sofifa.net/flags/es.png,https://cdn.sofifa.net/teams/1362/60.png,https://cdn.sofifa.net/flags/es.png
231866,https://sofifa.com/player/231866/rodrigo-hernandez-cascante/220002,Rodri,Rodrigo Hernández Cascante,CDM,86,89,81000000,175000,25,6/22/96,191,82,10,Manchester City,English Premier League,1,CDM,16,,7/4/19,2024,45,Spain,1362,SUB,16,Right,4,3,3,Medium/High,Normal (185+),Yes,155900000,,Solid Player,61,70,77,78,82,82,63,64,78,85,59,78,65,54,83,82,60,62,65,80,65,83,72,87,82,76,76,83,75,81,46,83,83,84,78,10,10,7,14,8,,75+3,75+3,75+3,74,76,76,76,74,78+3,78+3,78+3,76+3,82+3,82+3,82+3,76+3,78+3,83+3,83+3,83+3,78+3,78+3,81+3,81+3,81+3,78+3,18+3,https://cdn.sofifa.net/players/231/866/22_120.png,https://cdn.sofifa.net/teams/10/60.png,https://cdn.sofifa.net/flags/gb-eng.png,https://cdn.sofifa.net/teams/1362/60.png,https://cdn.sofifa.net/flags/es.png
232363,https://sofifa.com/player/232363/milan-skriniar/220002,M. Škriniar,Milan Škriniar,CB,86,88,74000000,150000,26,2/11/95,188,80,44,Inter,Italian Serie A,1,RCB,37,,7/7/17,2023,43,Slovakia,,,,Right,3,2,3,Medium/High,Unique,Yes,131400000,#Tactician ,"Solid Player, Team Player",80,41,53,69,87,84,40,42,81,72,40,67,34,30,49,72,76,84,54,86,56,50,84,79,86,30,84,86,30,46,56,87,90,88,82,10,13,12,8,12,,60+3,60+3,60+3,60,60,60,60,60,60+3,60+3,60+3,62+3,64+3,64+3,64+3,62+3,76+3,77+3,77+3,77+3,76+3,78+3,85+3,85+3,85+3,78+3,19+3,https://cdn.sofifa.net/players/232/363/22_120.png,https://cdn.sofifa.net/teams/44/60.png,https://cdn.sofifa.net/flags/it.png,,https://cdn.sofifa.net/flags/sk.png
143076,https://sofifa.com/player/143076/alejandro-gomez/220002,A. Gómez,Alejandro Darío Gómez,"CAM, CF, CM",85,85,33500000,51000,33,2/15/88,167,68,481,Sevilla FC,Spain Primera Division,1,LCM,24,,1/26/21,2024,52,Argentina,1369,SUB,17,Right,4,4,3,High/Medium,Normal (170-),Yes,70400000,#Acrobat,"Long Shot Taker (AI), Playmaker (AI), Outside Foot Shot, Technical Dribbler (AI)",87,78,84,87,39,55,83,77,38,85,72,85,85,79,80,86,91,83,93,86,93,79,70,75,44,82,56,40,80,86,72,85,50,30,34,8,11,12,9,6,,76+3,76+3,76+3,84,83,83,83,84,84+1,84+1,84+1,84+1,79+3,79+3,79+3,84+1,66+3,62+3,62+3,62+3,66+3,61+3,49+3,49+3,49+3,61+3,17+3,https://cdn.sofifa.net/players/143/076/22_120.png,https://cdn.sofifa.net/teams/481/60.png,https://cdn.sofifa.net/flags/es.png,https://cdn.sofifa.net/teams/1369/60.png,https://cdn.sofifa.net/flags/ar.png
163587,https://sofifa.com/player/163587/kasper-schmeichel/220002,K. Schmeichel,Kasper Peter Schmeichel,GK,85,85,9000000,115000,34,11/5/86,189,89,95,Leicester City,English Premier League,1,GK,1,,6/1/11,2023,13,Denmark,1331,GK,1,Right,3,1,2,Medium/Medium,Stocky (185+),Yes,17100000,,"Solid Player, Leadership, Team Player",,,,,,,18,12,16,44,15,12,13,15,46,40,45,51,61,82,47,60,60,34,64,14,35,20,13,59,26,67,14,14,13,84,78,80,83,90,47,33+2,33+2,33+2,33,35,35,35,33,38+2,38+2,38+2,35+2,39+2,39+2,39+2,35+2,31+2,36+2,36+2,36+2,31+2,30+2,29+2,29+2,29+2,30+2,83+2,https://cdn.sofifa.net/players/163/587/22_120.png,https://cdn.sofifa.net/teams/95/60.png,https://cdn.sofifa.net/flags/gb-eng.png,https://cdn.sofifa.net/teams/1331/60.png,https://cdn.sofifa.net/flags/dk.png
164240,https://sofifa.com/player/164240/thiago-emiliano-da-silva/220002,Thiago Silva,Thiago Emiliano da Silva,CB,85,85,9500000,105000,36,9/22/84,183,79,5,Chelsea,English Premier League,1,SUB,6,,8/28/20,2022,54,Brazil,,,,Right,3,2,4,Medium/High,Normal (170-185),Yes,17600000,#Tactician ,"Leadership, Power Header",53,54,72,72,86,78,60,40,81,80,61,67,62,61,80,79,52,54,67,82,66,71,88,68,82,65,76,88,59,71,60,86,87,86,84,9,12,5,9,10,,65+3,65+3,65+3,65,67,67,67,65,69+3,69+3,69+3,67+3,75+3,75+3,75+3,67+3,76+3,82+3,82+3,82+3,76+3,77+3,83+2,83+2,83+2,77+3,18+3,https://cdn.sofifa.net/players/164/240/22_120.png,https://cdn.sofifa.net/teams/5/60.png,https://cdn.sofifa.net/flags/gb-eng.png,,https://cdn.sofifa.net/flags/br.png
168542,https://sofifa.com/player/168542/david-josue-jimenez-silva/220002,David Silva,David Josué Jiménez Silva,"CAM, CM",85,85,22000000,44000,35,1/8/86,173,67,457,Real Sociedad,Spain Primera Division,1,CAM,21,,8/17/20,2022,45,Spain,,,,Left,2,4,4,High/Medium,Normal (170-185),Yes,46200000,"#Dribbler, #Playmaker, #Complete Midfielder","Finesse Shot, Flair, Playmaker (AI), Outside Foot Shot, Technical Dribbler (AI)",63,74,87,87,52,53,83,72,53,90,82,86,82,77,83,90,70,57,84,85,89,72,61,66,45,73,56,50,86,90,75,91,58,53,29,6,15,7,6,12,,75+3,75+3,75+3,82,82,82,82,82,84+1,84+1,84+1,82+3,82+3,82+3,82+3,82+3,67+3,68+3,68+3,68+3,67+3,62+3,56+3,56+3,56+3,62+3,18+3,https://cdn.sofifa.net/players/168/542/22_120.png,https://cdn.sofifa.net/teams/457/60.png,https://cdn.sofifa.net/flags/es.png,,https://cdn.sofifa.net/flags/es.png
177683,https://sofifa.com/player/177683/yann-sommer/220002,Y. Sommer,Yann Sommer,GK,85,85,26500000,40000,32,12/17/88,183,79,23,Borussia Mönchengladbach,German 1. Bundesliga,1,GK,1,,7/1/14,2023,47,Switzerland,,,,Right,4,1,3,Medium/Medium,Normal (170-185),Yes,45100000,,Comes For Crosses,,,,,,,13,13,10,40,8,15,12,13,31,25,48,54,55,82,58,63,73,45,68,12,38,21,15,64,24,57,9,19,12,79,81,84,86,86,50,32+3,32+3,32+3,32,34,34,34,32,36+3,36+3,36+3,34+3,37+3,37+3,37+3,34+3,30+3,33+3,33+3,33+3,30+3,29+3,29+3,29+3,29+3,29+3,83+2,https://cdn.sofifa.net/players/177/683/22_120.png,https://cdn.sofifa.net/teams/23/60.png,https://cdn.sofifa.net/flags/de.png,,https://cdn.sofifa.net/flags/ch.png
179813,https://sofifa.com/player/179813/edinson-cavani/220002,E. Cavani,Edinson Roberto Cavani Gómez,ST,85,85,26000000,190000,34,2/14/87,185,77,11,Manchester United,English Premier League,1,SUB,21,,10/5/20,2022,60,Uruguay,,,,Right,4,3,4,High/High,Unique,Yes,48100000,,"Injury Prone, Power Header",66,86,70,76,51,79,68,89,88,75,86,74,76,74,52,81,64,68,68,90,57,87,88,81,77,77,81,54,93,75,85,85,45,48,39,12,5,13,13,10,,84+1,84+1,84+1,78,81,81,81,78,78+3,78+3,78+3,76+3,73+3,73+3,73+3,76+3,65+3,64+3,64+3,64+3,65+3,63+3,63+3,63+3,63+3,63+3,19+3,https://cdn.sofifa.net/players/179/813/22_120.png,https://cdn.sofifa.net/teams/11/60.png,https://cdn.sofifa.net/flags/gb-eng.png,,https://cdn.sofifa.net/flags/uy.png
183277,https://sofifa.com/player/183277/eden-hazard/220002,E. Hazard,Eden Hazard,LW,85,85,52000000,240000,30,1/7/91,175,74,243,Real Madrid CF,Spain Primera Division,1,LW,7,,7/1/19,2024,7,Belgium,1325,LF,10,Right,4,4,4,Medium/Medium,Unique,Yes,106600000,#Dribbler,"Injury Prone, Finesse Shot, Flair, Playmaker (AI), Outside Foot Shot, Technical Dribbler (AI)",84,80,82,88,35,63,77,78,61,85,82,89,83,79,81,88,86,82,87,79,89,82,55,77,61,77,54,41,83,84,87,89,34,27,22,11,12,6,8,8,,79+3,79+3,79+3,84,83,83,83,84,84+1,84+1,84+1,83+2,78+3,78+3,78+3,83+2,63+3,61+3,61+3,61+3,63+3,58+3,48+3,48+3,48+3,58+3,17+3,https://cdn.sofifa.net/players/183/277/22_120.png,https://cdn.sofifa.net/teams/243/60.png,https://cdn.sofifa.net/flags/es.png,https://cdn.sofifa.net/teams/1325/60.png,https://cdn.sofifa.net/flags/be.png
184344,https://sofifa.com/player/184344/leonardo-bonucci/220002,L. Bonucci,Leonardo Bonucci,CB,85,85,17500000,110000,34,5/1/87,190,85,45,Juventus,Italian Serie A,1,RCB,19,,8/2/18,2024,27,Italy,1343,RCB,19,Right,4,2,3,Medium/High,Lean (185+),Yes,28900000,"#Tactician, #Strength","Power Free-Kick, Solid Player, Long Passer (AI), Power Header",64,58,69,72,86,80,44,48,83,81,58,69,56,60,81,79,60,68,59,82,53,74,90,65,86,65,82,86,38,71,70,86,88,85,81,2,2,3,2,4,,66+3,66+3,66+3,64,66,66,66,64,69+3,69+3,69+3,66+3,74+3,74+3,74+3,66+3,74+3,82+3,82+3,82+3,74+3,76+3,84+1,84+1,84+1,76+3,11+3,https://cdn.sofifa.net/players/184/344/22_120.png,https://cdn.sofifa.net/teams/45/60.png,https://cdn.sofifa.net/flags/it.png,https://cdn.sofifa.net/teams/1343/60.png,https://cdn.sofifa.net/flags/it.png
185122,https://sofifa.com/player/185122/peter-gulacsi/220002,P. Gulácsi,Péter Gulácsi,GK,85,85,28500000,87000,31,5/6/90,191,86,112172,RB Leipzig,German 1. Bundesliga,1,GK,1,,7/1/15,2025,23,Hungary,1886,GK,1,Right,2,1,3,Medium/Medium,Normal (185+),Yes,48500000,,Rushes Out Of Goal,,,,,,,16,10,23,35,10,19,18,11,31,25,42,44,41,81,42,57,67,35,74,12,34,23,11,44,24,45,25,16,20,85,84,76,82,86,43,31+3,31+3,31+3,29,31,31,31,29,31+3,31+3,31+3,31+3,32+3,32+3,32+3,31+3,30+3,33+3,33+3,33+3,30+3,30+3,33+3,33+3,33+3,30+3,83+2,https://cdn.sofifa.net/players/185/122/22_120.png,https://cdn.sofifa.net/teams/112172/60.png,https://cdn.sofifa.net/flags/de.png,https://cdn.sofifa.net/teams/1886/60.png,https://cdn.sofifa.net/flags/hu.png
186942,https://sofifa.com/player/186942/ilkay-gundogan/220002,İ. Gündoğan,İlkay Gündoğan,"CM, CDM",85,85,51500000,185000,30,10/24/90,180,80,10,Manchester City,English Premier League,1,LCM,8,,7/1/16,2023,21,Germany,1337,SUB,21,Right,4,4,3,High/Medium,Normal (170-185),Yes,95300000,"#Dribbler, #Playmaker, #Complete Midfielder","Injury Prone, Long Shot Taker (AI), Playmaker (AI), Technical Dribbler (AI)",65,80,85,86,73,72,78,80,50,88,75,86,86,80,85,89,66,65,77,86,77,79,61,74,73,81,70,78,82,86,80,87,76,75,67,11,14,5,5,13,,78+3,78+3,78+3,82,82,82,82,82,84+1,84+1,84+1,82+3,84+1,84+1,84+1,82+3,78+3,80+3,80+3,80+3,78+3,75+3,73+3,73+3,73+3,75+3,19+3,https://cdn.sofifa.net/players/186/942/22_120.png,https://cdn.sofifa.net/teams/10/60.png,https://cdn.sofifa.net/flags/gb-eng.png,https://cdn.sofifa.net/teams/1337/60.png,https://cdn.sofifa.net/flags/de.png
188350,https://sofifa.com/player/188350/marco-reus/220002,M. Reus,Marco Reus,"CAM, CF",85,85,43000000,95000,32,5/31/89,180,71,22,Borussia Dortmund,German 1. Bundesliga,1,CAM,11,,7/1/12,2023,21,Germany,,,,Right,4,4,4,High/Medium,Unique,Yes,73100000,,"Injury Prone, Finesse Shot, Playmaker (AI), Outside Foot Shot, Technical Dribbler (AI)",73,84,84,85,47,63,85,84,44,85,85,85,88,85,79,86,76,71,83,86,82,86,68,67,66,83,51,49,85,86,76,85,52,38,54,12,12,13,13,11,,79+3,79+3,79+3,84,83,83,83,84,84+1,84+1,84+1,83+2,79+3,79+3,79+3,83+2,68+3,66+3,66+3,66+3,68+3,64+3,56+3,56+3,56+3,64+3,20+3,https://cdn.sofifa.net/players/188/350/22_120.png,https://cdn.sofifa.net/teams/22/60.png,https://cdn.sofifa.net/flags/de.png,,https://cdn.sofifa.net/flags/de.png
188377,https://sofifa.com/player/188377/kyle-walker/220002,K. Walker,Kyle Walker,RB,85,85,39000000,170000,31,5/28/90,183,83,10,Manchester City,English Premier League,1,RB,2,,7/14/17,2024,14,England,1318,RB,2,Right,2,3,3,High/High,Unique,Yes,72200000,"#Speedster, #Engine","Long Throw-in, Speed Dribbler (AI)",92,63,76,78,80,82,77,51,74,79,57,79,76,71,77,81,89,94,66,85,69,86,83,86,80,69,84,80,68,69,63,75,77,84,83,12,6,16,15,8,,74+3,74+3,74+3,76,76,76,76,76,75+3,75+3,75+3,78+3,77+3,77+3,77+3,78+3,82+3,80+3,80+3,80+3,82+3,82+3,81+3,81+3,81+3,82+3,19+3,https://cdn.sofifa.net/players/188/377/22_120.png,https://cdn.sofifa.net/teams/10/60.png,https://cdn.sofifa.net/flags/gb-eng.png,https://cdn.sofifa.net/teams/1318/60.png,https://cdn.sofifa.net/flags/gb-eng.png
188567,https://sofifa.com/player/188567/pierre-emerick-aubameyang/220002,P. Aubameyang,Pierre-Emerick Emiliano François Aubameyang,"ST, LW, LM",85,85,43500000,145000,32,6/18/89,187,80,1,Arsenal,English Premier League,1,ST,14,,1/31/18,2023,115,Gabon,,,,Right,4,4,3,Medium/Low,Unique,Yes,82700000,,"Solid Player, Finesse Shot, Speed Dribbler (AI), Outside Foot Shot, Chip Shot (AI)",89,85,75,80,35,69,76,89,73,77,83,79,81,76,64,81,87,91,77,86,67,82,75,79,74,78,43,48,90,77,83,87,20,29,36,6,9,15,9,9,,83+2,83+2,83+2,82,83,83,83,82,81+3,81+3,81+3,81+3,74+3,74+3,74+3,81+3,64+3,58+3,58+3,58+3,64+3,60+3,51+3,51+3,51+3,60+3,17+3,https://cdn.sofifa.net/players/188/567/22_120.png,https://cdn.sofifa.net/teams/1/60.png,https://cdn.sofifa.net/flags/gb-eng.png,,https://cdn.sofifa.net/flags/ga.png
193747,https://sofifa.com/player/193747/jorge-resurreccion/220002,Koke,Jorge Resurrección Merodio,"CM, CDM",85,85,52500000,90000,29,1/8/92,176,75,240,Atlético de Madrid,Spain Primera Division,1,RCM,6,,1/1/11,2024,45,Spain,1362,RCM,8,Right,4,3,3,Medium/Medium,Normal (170-185),Yes,107600000,#Playmaker ,"Leadership, Playmaker (AI), Team Player",70,75,85,81,79,80,85,72,61,86,56,80,85,76,84,83,72,69,73,88,82,83,59,93,75,80,79,83,83,86,67,86,82,81,70,14,12,5,10,13,,77+3,77+3,77+3,80,81,81,81,80,82+3,82+3,82+3,82+3,84+1,84+1,84+1,82+3,82+3,83+2,83+2,83+2,82+3,80+3,77+3,77+3,77+3,80+3,20+3,https://cdn.sofifa.net/players/193/747/22_120.png,https://cdn.sofifa.net/teams/240/60.png,https://cdn.sofifa.net/flags/es.png,https://cdn.sofifa.net/teams/1362/60.png,https://cdn.sofifa.net/flags/es.png
194765,https://sofifa.com/player/194765/antoine-griezmann/220002,A. Griezmann,Antoine Griezmann,"ST, LW, RW",85,85,53000000,220000,30,3/21/91,176,73,240,Atlético de Madrid,Spain Primera Division,1,LS,17,FC Barcelona,,2022,18,France,1335,RW,7,Left,3,4,4,Medium/Medium,Unique,Yes,,#Acrobat,"Finesse Shot, Flair, Long Shot Taker (AI), Playmaker (AI), Outside Foot Shot, Chip Shot (AI), Technical Dribbler (AI)",80,84,84,87,52,72,83,84,83,84,86,85,86,85,82,89,80,80,92,89,83,82,90,86,63,83,73,49,89,85,79,90,43,54,49,14,8,14,13,14,,84+1,84+1,84+1,85,86-1,86-1,86-1,85,86-1,86-1,86-1,85,82+3,82+3,82+3,85,71+3,69+3,69+3,69+3,71+3,69+3,63+3,63+3,63+3,69+3,21+3,https://cdn.sofifa.net/players/194/765/22_120.png,https://cdn.sofifa.net/teams/240/60.png,https://cdn.sofifa.net/flags/es.png,https://cdn.sofifa.net/teams/1335/60.png,https://cdn.sofifa.net/flags/fr.png
198176,https://sofifa.com/player/198176/stefan-de-vrij/220002,S. de Vrij,Stefan de Vrij,CB,85,85,45000000,145000,29,2/5/92,189,78,44,Inter,Italian Serie A,1,CB,6,,7/1/18,2023,34,Netherlands,105035,RCB,6,Right,3,2,3,Medium/High,Unique,Yes,76500000,"#Tackling, #Tactician ",Long Passer (AI),72,41,64,70,87,79,49,25,84,75,27,66,45,16,71,75,69,74,61,85,59,65,79,80,79,60,77,87,31,70,41,85,89,87,85,8,10,7,14,13,,59+3,59+3,59+3,61,62,62,62,61,65+3,65+3,65+3,64+3,71+3,71+3,71+3,64+3,77+3,81+3,81+3,81+3,77+3,79+3,84+1,84+1,84+1,79+3,19+3,https://cdn.sofifa.net/players/198/176/22_120.png,https://cdn.sofifa.net/teams/44/60.png,https://cdn.sofifa.net/flags/it.png,https://cdn.sofifa.net/teams/105035/60.png,https://cdn.sofifa.net/flags/nl.png
201942,https://sofifa.com/player/201942/roberto-firmino-barbosa-de-oliveira/220002,Roberto Firmino,Roberto Firmino Barbosa de Oliveira,CF,85,85,54000000,185000,29,10/2/91,181,76,9,Liverpool,English Premier League,1,CF,9,,7/6/15,2023,54,Brazil,,,,Right,4,5,3,High/High,Unique,Yes,99900000,"#Dribbler, #Engine","Flair, Playmaker (AI), Technical Dribbler (AI)",77,78,79,89,59,78,73,78,78,84,83,89,81,65,76,90,77,77,85,86,86,79,81,87,74,76,75,58,82,83,72,88,55,64,42,8,11,9,6,10,,81+3,81+3,81+3,83,83,83,83,83,84+1,84+1,84+1,83+2,82+3,82+3,82+3,83+2,72+3,72+3,72+3,72+3,72+3,69+3,67+3,67+3,67+3,69+3,17+3,https://cdn.sofifa.net/players/201/942/22_120.png,https://cdn.sofifa.net/teams/9/60.png,https://cdn.sofifa.net/flags/gb-eng.png,,https://cdn.sofifa.net/flags/br.png
202556,https://sofifa.com/player/202556/memphis-depay/220002,M. Depay,Memphis Depay,"CF, LW, CAM",85,86,63000000,220000,27,2/13/94,176,78,241,FC Barcelona,Spain Primera Division,1,LW,9,,7/1/21,2023,34,Netherlands,105035,ST,10,Right,3,5,3,High/Low,Unique,Yes,133900000,#Dribbler,"Flair, Long Shot Taker (AI), Playmaker (AI), Outside Foot Shot, Technical Dribbler (AI)",82,83,82,84,30,79,84,83,65,81,74,86,85,83,76,85,81,83,80,83,81,87,69,79,83,83,72,28,85,85,76,80,23,31,20,8,14,6,12,10,,82+3,82+3,82+3,84,84,84,84,84,83+3,83+3,83+3,83+3,77+3,77+3,77+3,83+3,61+3,59+3,59+3,59+3,61+3,56+3,49+3,49+3,49+3,56+3,19+3,https://cdn.sofifa.net/players/202/556/22_120.png,https://cdn.sofifa.net/teams/241/60.png,https://cdn.sofifa.net/flags/es.png,https://cdn.sofifa.net/teams/105035/60.png,https://cdn.sofifa.net/flags/nl.png
204963,https://sofifa.com/player/204963/daniel-carvajal-ramos/220002,Carvajal,Daniel Carvajal Ramos,RB,85,85,47500000,210000,29,1/11/92,173,73,243,Real Madrid CF,Spain Primera Division,1,RB,2,,7/5/13,2025,45,Spain,,,,Right,3,3,3,High/Medium,Unique,Yes,97400000,,Team Player,80,54,78,80,81,80,82,51,72,83,49,78,76,47,74,83,79,80,79,83,81,68,77,89,74,47,84,81,75,74,45,81,82,82,84,13,13,15,9,15,,71+3,71+3,71+3,76,74,74,74,76,76+3,76+3,76+3,78+3,78+3,78+3,78+3,78+3,83+2,81+3,81+3,81+3,83+2,82+3,80+3,80+3,80+3,82+3,20+3,https://cdn.sofifa.net/players/204/963/22_120.png,https://cdn.sofifa.net/teams/243/60.png,https://cdn.sofifa.net/flags/es.png,,https://cdn.sofifa.net/flags/es.png
205498,https://sofifa.com/player/205498/luiz-frello-filho-jorge/220002,Jorginho,Luiz Frello Filho Jorge,"CM, CDM",85,85,52500000,170000,29,12/20/91,180,68,5,Chelsea,English Premier League,1,LCM,5,,7/16/18,2023,27,Italy,1343,CM,8,Right,3,3,2,Medium/Medium,Lean (170-185),Yes,97100000,#Playmaker ,Playmaker (AI),55,67,86,81,73,73,75,64,56,92,71,79,75,76,89,87,61,50,77,82,72,71,58,87,66,62,79,81,69,88,91,81,67,81,71,14,7,13,14,8,,70+2,70+2,70+2,76,76,76,76,76,80+2,80+2,80+2,78+2,84+1,84+1,84+1,78+2,78+2,82+2,82+2,82+2,78+2,76+2,73+2,73+2,73+2,76+2,19+2,https://cdn.sofifa.net/players/205/498/22_120.png,https://cdn.sofifa.net/teams/5/60.png,https://cdn.sofifa.net/flags/gb-eng.png,https://cdn.sofifa.net/teams/1343/60.png,https://cdn.sofifa.net/flags/it.png
206113,https://sofifa.com/player/206113/serge-gnabry/220002,S. Gnabry,Serge David Gnabry,"RM, LM, RW",85,86,64500000,110000,25,7/14/95,176,77,21,FC Bayern München,German 1. Bundesliga,1,RM,7,,7/1/17,2023,21,Germany,1337,RM,10,Right,4,4,4,High/Medium,Unique,Yes,111300000,"#Dribbler, #Acrobat, #Clinical Finisher, #Complete Forward","Injury Prone, Flair, Long Shot Taker (AI), Speed Dribbler (AI), Technical Dribbler (AI)",83,84,79,86,43,69,74,86,42,82,83,88,74,62,78,83,90,77,87,86,88,87,65,78,68,82,63,38,86,83,68,80,45,44,43,14,10,10,9,7,,80+3,80+3,80+3,84,84,84,84,84,84+2,84+2,84+2,83+3,78+3,78+3,78+3,83+3,66+3,64+3,64+3,64+3,66+3,62+3,54+3,54+3,54+3,62+3,18+3,https://cdn.sofifa.net/players/206/113/22_120.png,https://cdn.sofifa.net/teams/21/60.png,https://cdn.sofifa.net/flags/de.png,https://cdn.sofifa.net/teams/1337/60.png,https://cdn.sofifa.net/flags/de.png
223848,https://sofifa.com/player/223848/sergej-milinkovic-savic/220002,S. Milinković-Savić,Sergej Milinković-Savić,"CM, CDM, CAM",85,87,66000000,100000,26,2/27/95,191,76,46,Lazio,Italian Serie A,1,RCM,21,,8/6/15,2024,51,Serbia,,,,Right,5,4,3,High/Medium,Normal (185+),Yes,117200000,,"Power Header, Outside Foot Shot",68,79,80,81,79,86,64,80,86,85,74,84,80,78,85,86,66,70,62,83,63,83,85,91,87,80,79,78,79,82,56,84,78,79,74,7,10,7,16,7,,81+3,81+3,81+3,79,81,81,81,79,81+3,81+3,81+3,80+3,84+3,84+3,84+3,80+3,78+3,82+3,82+3,82+3,78+3,78+3,81+3,81+3,81+3,78+3,18+3,https://cdn.sofifa.net/players/223/848/22_120.png,https://cdn.sofifa.net/teams/46/60.png,https://cdn.sofifa.net/flags/it.png,,https://cdn.sofifa.net/flags/rs.png
226790,https://sofifa.com/player/226790/wilfred-ndidi/220002,W. Ndidi,Onyinye Wilfred Ndidi,"CDM, CM",85,88,66500000,120000,24,12/16/96,183,74,95,Leicester City,English Premier League,1,LDM,25,,1/5/17,2024,133,Nigeria,,,,Right,4,3,1,Medium/High,Lean (170-185),Yes,131300000,"#Tackling, #Tactician ",Long Shot Taker (AI),67,62,69,74,87,83,53,50,72,78,68,72,60,60,75,77,65,68,69,88,66,80,90,90,78,70,87,90,67,67,57,80,87,90,85,13,14,7,7,13,,70+2,70+2,70+2,69,71,71,71,69,72+2,72+2,72+2,71+2,77+2,77+2,77+2,71+2,79+2,83+2,83+2,83+2,79+2,80+2,84+2,84+2,84+2,80+2,20+2,https://cdn.sofifa.net/players/226/790/22_120.png,https://cdn.sofifa.net/teams/95/60.png,https://cdn.sofifa.net/flags/gb-eng.png,,https://cdn.sofifa.net/flags/ng.png
230142,https://sofifa.com/player/230142/mikel-oyarzabal-ugarte/220002,Oyarzabal,Mikel Oyarzabal Ugarte,"LW, RW",85,89,77500000,57000,24,4/21/97,181,79,457,Real Sociedad,Spain Primera Division,1,LW,10,,7/1/14,2024,45,Spain,1362,SUB,21,Left,3,3,2,High/Medium,Lean (170-185),Yes,168600000,,"Solid Player, Finesse Shot, Outside Foot Shot, Technical Dribbler (AI)",82,82,81,84,41,63,82,84,60,83,74,85,77,71,73,85,83,81,83,81,80,80,72,82,57,81,52,29,85,85,84,83,55,32,30,10,6,10,13,11,,79+2,79+2,79+2,84,83,83,83,84,83+2,83+2,83+2,83+2,77+2,77+2,77+2,83+2,64+2,61+2,61+2,61+2,64+2,60+2,51+2,51+2,51+2,60+2,18+2,https://cdn.sofifa.net/players/230/142/22_120.png,https://cdn.sofifa.net/teams/457/60.png,https://cdn.sofifa.net/flags/es.png,https://cdn.sofifa.net/teams/1362/60.png,https://cdn.sofifa.net/flags/es.png
231478,https://sofifa.com/player/231478/lautaro-martinez/220002,L. Martínez,Lautaro Javier Martínez,ST,85,89,78000000,145000,23,8/22/97,174,72,44,Inter,Italian Serie A,1,LS,10,,7/5/18,2023,52,Argentina,1369,ST,22,Right,4,4,3,High/Medium,Unique,Yes,138500000,#Acrobat,"Flair, Power Header, Technical Dribbler (AI)",84,81,72,85,48,84,56,85,87,78,88,83,78,43,73,85,86,83,86,89,89,80,88,80,84,74,86,45,86,81,74,83,55,31,44,11,8,8,8,13,,84+3,84+3,84+3,81,84,84,84,81,82+3,82+3,82+3,80+3,77+3,77+3,77+3,80+3,65+3,66+3,66+3,66+3,65+3,63+3,62+3,62+3,62+3,63+3,19+3,https://cdn.sofifa.net/players/231/478/22_120.png,https://cdn.sofifa.net/teams/44/60.png,https://cdn.sofifa.net/flags/it.png,https://cdn.sofifa.net/teams/1369/60.png,https://cdn.sofifa.net/flags/ar.png
231677,https://sofifa.com/player/231677/marcus-rashford/220002,M. Rashford,Marcus Rashford,"LM, ST",85,89,77500000,150000,23,10/31/97,186,70,11,Manchester United,English Premier League,1,SUB,10,,7/1/14,2023,14,England,1318,SUB,11,Right,3,5,3,High/Medium,Unique,Yes,149200000,#Dribbler,"Power Free-Kick, Flair, Long Shot Taker (AI), Speed Dribbler (AI), Team Player",90,84,79,84,43,77,80,83,68,80,73,86,83,76,71,84,86,93,84,84,75,92,74,86,75,81,73,42,83,81,84,80,45,38,33,11,6,15,7,14,,83+3,83+3,83+3,84,84,84,84,84,83+3,83+3,83+3,83+3,77+3,77+3,77+3,83+3,67+3,64+3,64+3,64+3,67+3,63+3,57+3,57+3,57+3,63+3,18+3,https://cdn.sofifa.net/players/231/677/22_120.png,https://cdn.sofifa.net/teams/11/60.png,https://cdn.sofifa.net/flags/gb-eng.png,https://cdn.sofifa.net/teams/1318/60.png,https://cdn.sofifa.net/flags/gb-eng.png
235212,https://sofifa.com/player/235212/achraf-hakimi/220002,A. Hakimi,Achraf Hakimi Mouh,"RB, RWB",85,88,69500000,100000,22,11/4/98,181,73,73,Paris Saint-Germain,French Ligue 1,1,RB,2,,7/6/21,2026,129,Morocco,,,,Right,4,3,2,High/Medium,Lean (170-185),Yes,133800000,"#Speedster, #Acrobat","Solid Player, Dives Into Tackles (AI), Speed Dribbler (AI), Outside Foot Shot",95,71,78,83,76,78,86,73,68,81,60,84,68,55,73,83,95,95,86,84,79,77,80,91,73,70,75,78,78,75,46,80,75,78,76,10,8,14,6,8,,78+2,78+2,78+2,83,81,81,81,83,80+2,80+2,80+2,83+2,79+2,79+2,79+2,83+2,83+2,79+2,79+2,79+2,83+2,82+2,77+2,77+2,77+2,82+2,17+2,https://cdn.sofifa.net/players/235/212/22_120.png,https://cdn.sofifa.net/teams/73/60.png,https://cdn.sofifa.net/flags/fr.png,,https://cdn.sofifa.net/flags/ma.png
235243,https://sofifa.com/player/235243/matthijs-de-ligt/220002,M. de Ligt,Matthijs de Ligt,CB,85,90,75000000,81000,21,8/12/99,189,89,45,Juventus,Italian Serie A,1,LCB,4,,7/18/19,2024,34,Netherlands,105035,SUB,3,Right,3,2,3,Medium/High,Unique,Yes,129400000,#Strength,"Solid Player, Power Header",73,59,60,69,84,87,52,50,85,75,45,65,48,55,63,73,71,75,60,84,62,82,93,75,93,66,83,81,44,45,40,82,84,85,85,12,11,11,12,10,,68+3,68+3,68+3,64,65,65,65,64,64+3,64+3,64+3,65+3,67+3,67+3,67+3,65+3,75+3,78+3,78+3,78+3,75+3,78+3,84+3,84+3,84+3,78+3,19+3,https://cdn.sofifa.net/players/235/243/22_120.png,https://cdn.sofifa.net/teams/45/60.png,https://cdn.sofifa.net/flags/it.png,https://cdn.sofifa.net/teams/105035/60.png,https://cdn.sofifa.net/flags/nl.png
41236,https://sofifa.com/player/41236/zlatan-ibrahimovic/220002,Z. Ibrahimović,Zlatan Ibrahimović,ST,84,84,14500000,51000,39,10/3/81,195,95,47,AC Milan,Italian Serie A,1,SUB,11,,1/2/20,2022,46,Sweden,1363,SUB,7,Right,4,5,5,Medium/Low,Unique,Yes,24700000,"#Poacher, #Aerial Threat, #Distance Shooter, #Strength, #Clinical Finisher, #Complete Forward","Injury Prone, Leadership, Outside Foot Shot, Technical Dribbler (AI)",65,87,78,79,34,77,72,86,83,80,88,78,80,75,73,86,64,66,71,83,53,88,79,52,87,88,84,20,89,84,83,90,28,37,24,13,15,10,9,12,,83+1,83+1,83+1,80,82,82,82,80,81+3,81+3,81+3,78+3,75+3,75+3,75+3,78+3,55+3,58+3,58+3,58+3,55+3,52+3,53+3,53+3,53+3,52+3,20+3,https://cdn.sofifa.net/players/041/236/22_120.png,https://cdn.sofifa.net/teams/47/60.png,https://cdn.sofifa.net/flags/it.png,https://cdn.sofifa.net/teams/1363/60.png,https://cdn.sofifa.net/flags/se.png
146536,https://sofifa.com/player/146536/jesus-navas-gonzalez/220002,Jesús Navas,Jesús Navas González,"RB, RM",84,84,13000000,30000,35,11/21/85,172,60,481,Sevilla FC,Spain Primera Division,1,RB,16,,7/28/17,2024,45,Spain,,,,Right,2,4,2,High/Medium,Lean (170-),Yes,27300000,,"Early Crosser, Speed Dribbler (AI), Team Player",87,69,81,83,79,58,85,65,73,83,75,84,82,46,79,83,90,84,82,84,84,74,63,82,39,70,75,80,81,83,56,82,82,77,79,10,10,15,7,13,,75+2,75+2,75+2,81,80,80,80,81,81+2,81+2,81+2,82+2,81+2,81+2,81+2,82+2,82+2,79+2,79+2,79+2,82+2,82+2,75+2,75+2,75+2,82+2,18+2,https://cdn.sofifa.net/players/146/536/22_120.png,https://cdn.sofifa.net/teams/481/60.png,https://cdn.sofifa.net/flags/es.png,,https://cdn.sofifa.net/flags/es.png
152729,https://sofifa.com/player/152729/gerard-pique-bernabeu/220002,Piqué,Gerard Piqué Bernabéu,CB,84,84,13500000,175000,34,2/2/87,194,85,241,FC Barcelona,Spain Primera Division,1,LCB,3,,7/1/08,2024,45,Spain,,,,Right,3,2,4,High/Medium,Unique,Yes,27700000,"#Aerial Threat, #Strength",Leadership,58,61,71,68,85,78,57,65,84,80,57,63,58,43,80,80,50,64,57,85,35,62,74,63,86,51,79,85,64,72,69,87,86,85,83,10,11,14,15,8,,70+3,70+3,70+3,67,69,69,69,67,71+3,71+3,71+3,69+3,75+3,75+3,75+3,69+3,75+3,81+3,81+3,81+3,75+3,77+3,83+1,83+1,83+1,77+3,19+3,https://cdn.sofifa.net/players/152/729/22_120.png,https://cdn.sofifa.net/teams/241/60.png,https://cdn.sofifa.net/flags/es.png,,https://cdn.sofifa.net/flags/es.png